Workbook

Sheet 统帅
A1: ID | B1: 是否展示 | C1: 肉鸽展示 | D1: 大圣名称 | F1: 排序 | G1: 大圣阵营 | H1: 初始皮肤id | I1: 额外皮肤Id | J1: 解锁段位 | K1: 部将解锁道具 | L1: 部将解锁道具消耗 | M1: 解锁消耗 | N1: 折扣文本 | O1: 机器人皮肤 | P1: 技能ID | Q1: 统帅技能是否在肉鸽玩法中展示 | R1: 卡牌组合推荐 | S1: 简介 | T1: 使用技巧 | U1: 大圣标签 | V1: 初始血量 | W1: 操作难度 | X1: AI选择权重 | Y1: 等级组 | Z1: 等级奖励 | AA1: 说明提示 | AB1: 关联卡 | AC1: 适配势力 | AD1: 三选一权重
A2: Id | B2: Show | C2: RogueShow | D2: Name | F2: Sort | G2: Chief_camp | H2: ChieflSkin_InitiaId | I2: ChiefSkin_ExtraId | J2: UnlcokRank | K2: UnlockItem | L2: UnlockNum | M2: UnlockCost | N2: PriceText | O2: AISkin | P2: SkillId | Q2: SkillIsShowinRouge | R2: CardCombo | S2: Brief | T2: HowToUse | U2: Label | V2: InitialHp | W2: DifficultyLevel | X2: AiPickValue | Y2: LevelGroup | Z2: LevelGiftGroup | AA2: InstructionPrompt | AB2: RelevantId | AC2: FullyCamp | AD2: PickValue
A3: 大圣ID | B3: 图鉴大圣是否展示 大圣选择是否出现 0否1是 | C3: 肉鸽模式是否展示大圣 0否1是 | F3: 小的在前 | G3: 大圣所属的阵营 同部将阵营 | H3: 初始就获得的 皮肤id | I3: 额外可解锁的 大圣皮肤id | J3: 战棋达到xx分数后解锁该英雄 -1为道具解锁 不填为默认解锁 | K3: 解锁部将使用的道具ID | L3: 解锁部将使用的道具数量 | M3: 解锁道具#数量；解锁道具#数量 | N3: 折扣文本 客户端显示的货币折扣 道具id#文字 | P3: 大圣技能表id | Q3: 通晒技能是否在肉鸽玩法中展示 | R3: 填写大圣推荐牌组表的id 可填多个，按顺序展示 | S3: 卡牌简介文本 | T3: 卡牌使用技巧文本 | U3: 填写标签定义表ID | V3: 大圣初始的血量值 | W3: 填写0~5 | X3: 机器人选择这名大圣的权重 | Z3: 英雄等级获得的奖励 等级奖励表组ID | AA3: 图鉴 - 说明提示 | AB3: 卡的类型#ID,ID;卡的类型#ID,ID 0=普通卡 1=法术 | AC3: 大圣适配的势力 | AD3: 三选一权重
A4: int | B4: int | C4: int | D4: string | F4: int | G4: int | H4: int | I4: list:int | J4: int | K4: int | L4: int | M4: list:string | N4: list:string | O4: int | P4: list:int | Q4: int | R4: list:int | S4: string | T4: string | U4: list:int | V4: int | W4: float | X4: int | Y4: int | Z4: int | AA4: string | AB4: string | AC4: list:int | AD4: int
A5: 备用行
A6: 3001 | B6: 1 | C6: 1 | D6: 菩提祖师 | E6: 0 | F6: 1 | G6: 6 | H6: 30010 | I6: 30011;30012 | O6: 30011 | P6: 30011 | Q6: 1 | R6: 1 | S6: 菩提祖师，隐居方寸山中，道法通天，深不可测。曾点化石猴孙悟空，授其变化腾云之术。只叹悟空得意忘形，祖师一语成谶：“日后惹祸，莫提我名！”拂袖而去，真乃仙人风范。 | T6: 阵容明确、操作简单的大圣。可对特定阵营施加群体增益。推荐登场同阵营卡组，花果山、天庭都非常合适。 | V6: 50 | W6: 1 | X6: 100 | Y6: 1 | Z6: 3001 | AC6: 6;2 | AD6: 10000
A7: 3002 | B7: 0 | C7: 0 | D7: 黄眉 | F7: 2 | G7: 6 | H7: 30020 | I7: 30021 | O7: 30021 | P7: 30021 | Q7: 1 | R7: 2 | S7: 这是卡牌的简介 | T7: 这是卡牌的使用技巧 | V7: 50 | X7: 0 | Y7: 1 | Z7: 3001 | AC7: 1
A8: 3003 | B8: 1 | C8: 1 | D8: 真武大帝 | E8: 灵玉买 | F8: 3 | G8: 6 | H8: 30030 | I8: 30031 | J8: -1 | K8: 5 | L8: 2500 | M8: 5#2500;8#680 | N8: 8#6折 | O8: 30031 | P8: 30031 | Q8: 1 | R8: 3 | S8: 真武大帝，亦称荡魔天尊，乃镇守北方的至高天神。披发跣足，踏龟蛇，统摄真武之位，专司剪伐天下妖魔。狂傲如齐天大圣，也曾借其名号震慑狮驼岭小妖。 | T8: 能够在前期轻松占据优势的大圣。推荐在左侧一号位放置有特殊进攻能力的部将，如【三太子】和【王灵官】等。 | V8: 50 | W8: 1.5 | X8: 100 | Y8: 1 | Z8: 3003 | AC8: 1;8 | AD8: 10000
A9: 3004 | B9: 1 | C9: 0 | D9: 金角大王 | E9: 0 | F9: 4 | G9: 6 | H9: 30040 | I9: 30041;30042 | O9: 30041 | P9: 30041;30042 | Q9: 1 | R9: 4 | S9: 金角大王，原是老君手下守炉童子，与银角共占平顶山。手拿玉净瓶，肩搭芭蕉扇，法宝众多，诡计多端。曾连施妙计擒唐僧，怎奈孙行者智高一筹，偷宝破法，终被老君收回炼丹炉。正是：仙童下界闹一场，机关算尽返原乡。 | T9: 阵容明确、操作简单的大圣，可快速提升特定部将属性。推荐狮驼岭阵容。 | V9: 50 | W9: 2 | X9: 100 | Y9: 1 | Z9: 3004 | AC9: 7 | AD9: 10000
A10: 3005 | B10: 0 | C10: 0 | D10: 太白金星 | F10: 5 | G10: 6 | H10: 30050 | I10: 30051 | O10: 30051 | P10: 30051 | Q10: 1 | R10: 5 | S10: 这是卡牌的简介 | T10: 这是卡牌的使用技巧 | V10: 50 | X10: 0 | Y10: 1 | Z10: 3001 | AC10: 1
A11: 3006 | B11: 1 | C11: 1 | D11: 黄风大圣 | E11: 10000 | F11: 6 | G11: 6 | H11: 30060 | I11: 30061 | J11: 10000 | O11: 30061 | P11: 30061;30062 | Q11: 1 | R11: 6 | S11: 本是灵山脚下得道的黄毛貂鼠，偷食琉璃盏内清油，占黄风岭为王。手执钢叉，最擅三昧神风，吹得天地昏暗，连齐天大圣都难睁火眼。幸遇灵吉菩萨，定风丹破法，方被收服。正是：风起黄沙遮日月，一粒宝丹定乾坤。 | T11: 以法术伤害见长的大圣，需要部将死亡以触发自身技能，与【残念】【业报】等效果相性较高。推荐使用灵山阵容。 | V11: 50 | W11: 1.5 | X11: 100 | Y11: 1 | Z11: 3006 | AC11: 3 | AD11: 10000
A12: 3007 | B12: 0 | C12: 0 | D12: 魔礼红 | F12: 7 | G12: 6 | H12: 30070 | I12: 30071 | O12: 30071 | P12: 30071 | Q12: 1 | R12: 7 | S12: 这是卡牌的简介 | T12: 这是卡牌的使用技巧 | V12: 50 | X12: 0 | Y12: 1 | Z12: 3001 | AC12: 1
A13: 3008 | B13: 0 | C13: 0 | D13: 金池长老 | F13: 8 | G13: 6 | H13: 30080 | I13: 30081;30082 | J13: -1 | K13: 3008 | L13: 1 | M13: 3008#1 | O13: 30081 | P13: 30081 | Q13: 1 | R13: 8 | S13: 这金池长老，寿高二百七十岁，观音院住持，平日念佛诵经，看似得道高僧。怎奈贪心作祟，见唐僧锦襕袈裟，竟起歹意，纵火谋财。反烧寺院，愧恨自尽。正是：修行百年一念贪，袈裟未得命先丧！ | T13: 这是卡牌的使用技巧 | V13: 50 | W13: 3 | X13: 100 | Y13: 1 | Z13: 3008 | AC13: 1
A14: 3009 | B14: 1 | C14: 0 | D14: 鬼子母神 | E14: 灵玉买 | F14: 9 | G14: 6 | H14: 30090 | I14: 30091 | J14: -1 | K14: 5 | L14: 2500 | M14: 5#2500;8#680 | N14: 8#6折 | O14: 30091 | P14: 30091;30092;30093 | Q14: 1 | R14: 9 | S14: 鬼子母神，又称爱子母，原为婆罗门教中的恶神，后被佛法教化，成为佛教护法二十四诸天之一的护法神，凡求子、护幼者，焚香祷告，有求必应。鬼母归善，慈悲为怀，一念转，业障消！ | T14: 综合性的大圣。既可以在利用召唤部将的属性加成取得优势，也可以在中后期召唤大量【护法】部将来触发多次触发【业报】效果或保护关键部将。 | V14: 50 | W14: 5 | X14: 100 | Y14: 1 | Z14: 3009 | AC14: 5 | AD14: 10000
A15: 3010 | B15: 0 | C15: 0 | D15: 嫦娥 | F15: 10 | G15: 6 | H15: 30100 | I15: 30101 | O15: 30101 | P15: 30101 | Q15: 1 | R15: 10 | S15: 这是卡牌的简介 | T15: 这是卡牌的使用技巧 | V15: 50 | X15: 0 | Y15: 1 | Z15: 3001 | AC15: 1
A16: 3011 | B16: 1 | C16: 1 | D16: 托塔天王 | E16: 七日庆典 | F16: 11 | G16: 6 | H16: 30110 | I16: 30111 | J16: -1 | K16: 3011 | L16: 1 | M16: 3011#1 | O16: 30111 | P16: 30111;30112 | Q16: 1 | R16: 11 | S16: 托塔天王，本名李靖，三坛海会大神之父，掌天兵天将，威风凛凛。左手托玲珑宝塔，镇邪压魔。虽为天庭重臣，却忠孝难全，父子恩怨，说来令人唏嘘！正是：塔在手，威自生，一将镇乾坤！ | T16: 和【护盾】拥有最佳相性的大圣。可以尝试以【李天王】和【三太子】为核心，打造终极阵容。 | V16: 50 | W16: 4 | X16: 100 | Y16: 1 | Z16: 3011 | AC16: 8 | AD16: 10000
A17: 3012 | B17: 1 | C17: 0 | D17: 玉皇大帝 | E17: 10000 | F17: 12 | G17: 6 | H17: 30120 | I17: 30121;30122 | O17: 30121 | P17: 30121 | Q17: 1 | R17: 12 | S17: 玉皇大帝端坐那凌霄宝殿之上，傲视九天，统御三界，执掌乾坤。一声令下，万神朝拜，雷部奔走，星宿听调。虽曾被悟空搅乱蟠桃会，然稳坐中天，不动如山。正是：一道圣旨传九霄，三界安泰仰龙颜。 | T17: 适合所有阵容，但对使用者具有高判断力要求的大圣。将哪一个关键部将变为金卡，是能够取胜的关键决定。 | V17: 50 | W17: 4.5 | X17: 100 | Y17: 1 | Z17: 3012 | AC17: 999 | AD17: 10000
A18: 3013 | B18: 0 | C18: 0 | D18: 月老 | F18: 13 | G18: 6 | H18: 30130 | I18: 30131 | O18: 30131 | P18: 30131;30132 | Q18: 1 | R18: 13 | S18: 那二郎真君，清源妙道，额生天眼，手执三尖两刃刀，哮天神犬随身伴。听调不听宣，傲骨嶙峋！曾战齐天大圣，斗法云端，三百回合不分胜负。真个是：神仙俊杰，威震灌江口！ | T18: 这是卡牌的使用技巧 | V18: 50 | X18: 0 | Y18: 1 | Z18: 3001 | AC18: 1
A19: 3014 | B19: 1 | C19: 0 | D19: 骊山圣女 | E19: 2000 | F19: 14 | G19: 6 | H19: 30140 | I19: 30141;30142 | J19: 2000 | O19: 30141 | P19: 30141;30142 | Q19: 1 | R19: 14 | S19: 骊山老母，乃上古女仙，居骊山之巅，神通广大，慈悲为怀。常化凡人点化众生，传艺授法，助女将破敌。曾化身寡妇，试禅心，显慧眼。正是：白发慈颜藏道妙，指点迷津度万灵。 | T19: 适合所有阵容的大圣，但使用难度较高，非常考验使用者对神通法术的熟悉程度。 | V19: 50 | W19: 3.5 | X19: 100 | Y19: 1 | Z19: 3014 | AC19: 6;9 | AD19: 10000
A20: 3015 | B20: 1 | C20: 0 | D20: 苏妲己 | E20: 人民币买 | F20: 15 | G20: 6 | H20: 30150 | I20: 30151 | J20: -1 | K20: 3015 | L20: 1 | M20: 3015#1 | O20: 30151 | P20: 30151 | Q20: 1 | R20: 15 | S20: 本是千年狐妖附体，容颜倾城绝世，媚骨天生。凭一身魅惑妖术蛊惑商纣，迷乱君心，祸乱朝纲，残害忠良。心机阴诡，手段狠辣，搅动殷商山河动荡，乃是封神乱世中倾国祸世的绝代妖姬。 | T20: 适合所有阵容的大圣，但使用难度较高，非常考验使用者对合成哪些关键金卡的判断。 | V20: 50 | W20: 5 | X20: 100 | Y20: 1 | Z20: 3015 | AB20: 0#1061 | AC20: 999 | AD20: 11000
A21: 3016 | B21: 1 | C21: 0 | D21: 玉面狐狸 | E21: 10000 | F21: 16 | G21: 6 | H21: 30160 | I21: 30161;30162 | O21: 30161 | P21: 30161 | Q21: 1 | R21: 16 | S21: 万岁狐王之女，招赘牛魔王为夫，居积雷山摩云洞。生得千娇百媚，却心高气傲，仗势欺人。后因夫君恋上铁扇公主，又惹孙行者寻衅，家破人亡，香消玉殒。正是：红颜薄命狐作女，情海翻波祸自招。 | T21: 适合所有阵容的大圣，但需要使用者观察下一个对手的阵容，并养成控制费用的好习惯。 | V21: 50 | W21: 5 | X21: 100 | Y21: 1 | Z21: 3016 | AC21: 999 | AD21: 10000
A22: 3017 | B22: 1 | C22: 0 | D22: 太白金星 | E22: 2000 | F22: 17 | G22: 6 | H22: 30170 | I22: 30171 | J22: 2000 | O22: 30171 | P22: 30171 | Q22: 1 | R22: 17 | S22: 白须飘飘，仙风道骨，掌天庭机要，常奉玉帝之命，往来凡间仙界。三请孙悟空，言辞和善；调停纷争，老成持重。看似慈祥老臣，实乃洞明世故、周旋天机的明白人！正是：一杖扶云传圣令，和风化雨稳天庭。 | T22: 适合所有阵容的大圣，但使用难度较高。其技能使其拥有更大的机会拿到关键部将，但次数限制也要求玩家对当前局势有足够的判断力。 | V22: 50 | W22: 1 | X22: 100 | Y22: 1 | Z22: 3017 | AC22: 999 | AD22: 10000
A23: 3018 | B23: 1 | C23: 0 | D23: 钟馗 | E23: 0 | F23: 18 | G23: 6 | H23: 30180 | I23: 30181 | O23: 30181 | P23: 30181 | Q23: 1 | R23: 18 | S23: 且看这钟馗爷，铁面虬髯，怒目如电，头戴个乌纱破帽。原是唐时才子，因貌丑被黜，愤而撞阶，天帝感其刚烈，封为驱魔帝君。世人敬其，常言：魑魅魍魉莫敢近，真是人间阎王爷！ | T23: 无需操作的大圣，可稳定施加群体增益。适合以【协战】为核心的卡组，推荐使用花果山、天庭阵容。 | V23: 50 | W23: 2 | X23: 100 | Y23: 1 | Z23: 3018 | AC23: 6;8 | AD23: 10000
A24: 3019 | B24: 1 | C24: 0 | D24: 斗战胜佛 | E24: 0 | F24: 19 | G24: 6 | H24: 30190 | I24: 30191 | O24: 30190 | P24: 30192 | Q24: 1 | R24: 19 | S24: 齐天大圣孙悟空，大闹天宫，威震三界，经九九八十一难，护唐僧取经成功，终证正果，受封“斗战胜佛”！金箍一戴，万邪退散，火眼金睛照破妖魔。正是：昔日顽猴今作佛，灵山宝刹放光明。 | T24: 需要在前期通过战斗不断累积优势的大圣，适合以【协战】为核心的花果山阵容，也可以累积优势后转成其他阵容。 | V24: 50 | W24: 3 | X24: 100 | Y24: 1 | Z24: 3019 | AC24: 6 | AD24: 10000
A25: 3020 | B25: 1 | C25: 1 | D25: 石矶娘娘 | E25: 8000 | F25: 20 | G25: 6 | H25: 30200 | I25: 30201 | J25: 8000 | O25: 30201 | P25: 30201;30202;30203 | Q25: 1 | R25: 20 | S25: 石矶娘娘，乃天地灵石得道成仙，隐居骷髅山白骨洞府。容颜冷艳绝尘，性情孤高桀骜，精通阴玄诡异道法。不循仙门礼法，行事随性刚烈，身负灵石本源修为，神通莫测，傲然立于三界，搅动仙尘风云。 | T25: 以法术伤害见长的大圣，前期哪怕部将质量不高，也可以在交战中取得优势。推荐使用灵山阵容。 | V25: 50 | W25: 4 | X25: 100 | Y25: 1 | Z25: 3020 | AC25: 3 | AD25: 10000
A26: 3021 | B26: 1 | C26: 0 | D26: 西王母 | E26: 灵玉买 | F26: 21 | G26: 6 | H26: 30210 | I26: 30211;30212;30213 | J26: -1 | K26: 5 | L26: 2500 | M26: 5#2500;8#680 | N26: 8#6折 | O26: 30211 | P26: 30211;30212 | Q26: 1 | R26: 21 | S26: 那瑶池西王母，凤冠霞帔，掌长生蟠桃，开琼筵宴群仙。一果延寿千载，一宴定劫轮回。威仪赫赫，慈中带严，实乃女仙之首，万灵之母！世人赞其曰：蟠桃核里三千劫，金簪划处即天涯。莫问瑶池真颜色，半是昆仑半是沙。 | T26: 适合所有阵容的大圣。其大圣技能可以提前找到关键的高星部将，但非常考验玩家对部将星级的熟悉程度。 | V26: 50 | W26: 5 | X26: 100 | Y26: 1 | Z26: 3021 | AC26: 999 | AD26: 10000
A27: 3022 | B27: 0 | C27: 0 | D27: 魔礼青 | F27: 22 | G27: 6 | H27: 30220 | I27: 30221 | O27: 30221 | P27: 30221 | Q27: 1 | R27: 22 | S27: 这是卡牌的简介 | T27: 这是卡牌的使用技巧 | V27: 50 | X27: 0 | Y27: 1 | Z27: 3001 | AC27: 1
A28: 3023 | B28: 0 | C28: 0 | D28: 文财神 | F28: 23 | G28: 6 | H28: 30230 | I28: 30231 | O28: 30231 | P28: 30231;30232 | Q28: 1 | R28: 23 | S28: 这位老爷，头戴宰相帽，身披锦绣袍，手捧如意元宝，笑迎八方财源！原是商朝贤臣比干，赤胆忠心，无心不偏——民间尊为文财神，专管人间富贵利禄。求财者焚香礼拜，但行善事，福泽自来！ | T28: 这是卡牌的使用技巧 | V28: 50 | W28: 4 | X28: 0 | Y28: 1 | Z28: 3023 | AC28: 1
A29: 3024 | B29: 1 | C29: 1 | D29: 文财神 | E29: 灵玉买 | F29: 24 | G29: 6 | H29: 30230 | I29: 30231 | J29: -1 | K29: 5 | L29: 2500 | M29: 5#2500;8#680 | N29: 8#6折 | O29: 30231 | P29: 30241 | Q29: 1 | R29: 24 | S29: 这位老爷，头戴宰相帽，身披锦绣袍，正所谓：手捧如意金元宝，笑迎四面八方财！原是商朝贤臣比干，赤胆忠心，无心不偏——民间尊为文财神，专管人间富贵利禄。求财者焚香礼拜，但行善事，福泽自来！ | T29: 在经济方面拥有优势的大圣。可以多选取具有【登场】、【购买】效果的部将，从而充分地利用大圣技能。 | V29: 50 | W29: 3 | X29: 100 | Y29: 1 | Z29: 3024 | AC29: 8;7 | AD29: 10000
A30: 3025 | B30: 1 | C30: 1 | D30: 镇元子 | E30: 人民币买 | F30: 25 | G30: 6 | H30: 30250 | I30: 30251 | J30: -1 | K30: 3025 | L30: 1 | M30: 3025#1 | O30: 30251 | P30: 30251 | Q30: 1 | R30: 25 | S30: 此人神通广大，与三清称兄道弟。人参果树一朝被毁，他袖袍一抖，乾坤倒转，把个齐天大圣擒了又擒。后观音救活仙树，他哈哈一笑，竟与悟空结为兄弟！真个是：道高龙虎伏，德重鬼神钦。 | T30: 在前期具有一定优势的大圣。在不同的阶段，选择合适的【后援】部将，是取胜的关键。配合【禄星】可多次触发效果。推荐使用花果山、龙宫阵容。 | V30: 50 | W30: 2 | X30: 100 | Y30: 1 | Z30: 3025 | AC30: 6;4 | AD30: 11000
A31: 3026 | B31: 1 | C31: 0 | D31: 银角大王 | E31: 4000 | F31: 26 | G31: 6 | H31: 30260 | I31: 30261;30262 | J31: 4000 | O31: 30261 | P31: 30261 | Q31: 1 | R31: 26 | S31: 银角大王原是老君座下看炉的童子，却偷了紫金葫芦、玉净瓶，下界为妖。与兄金角占山为王，手段狠辣，连擒八戒沙僧。谁料葫芦反被悟空骗去，终被老君收回。正是：宝贝虽多难逆命，一场富贵化云烟！ | T31: 可以在不损失任何属性的情况下清理场上不需要的部将。推荐狮驼岭阵容。 | V31: 50 | W31: 1 | X31: 100 | Y31: 1 | Z31: 3026 | AC31: 7;6;8 | AD31: 10000
A32: 3027 | B32: 0 | C32: 0 | D32: 混世魔王 | F32: 27 | G32: 6 | H32: 30270 | I32: 30271 | O32: 30271 | P32: 30271 | Q32: 1 | R32: 27 | S32: 这是卡牌的简介 | T32: 这是卡牌的使用技巧 | V32: 50 | X32: 0 | Y32: 1 | Z32: 3001 | AC32: 1
A33: 3028 | B33: 1 | C33: 0 | D33: 观音大神 | E33: 灵玉买 | F33: 28 | G33: 6 | H33: 30280 | I33: 30281;30282 | J33: -1 | K33: 5 | L33: 2500 | M33: 5#2500;8#680 | N33: 8#6折 | O33: 30281 | P33: 30281 | Q33: 1 | R33: 28 | S33: 且说那南海观音大神，慈眉善目，手持净瓶杨柳，坐莲台，驾祥云。闻声救苦，解难消灾，点化悟空，护佑取经。正是：千手千眼照乾坤，一念慈悲度众生！ | T33: 操作简单的、在寻找部将方面拥有优势的大圣。其技能可以让他以更高的频率寻找当前阶段的关键部将，多用神通是使其技能收益最大化的关键。 | V33: 50 | W33: 1.5 | X33: 100 | Y33: 1 | Z33: 3028 | AC33: 9 | AD33: 10000
A34: 3029 | B34: 0 | C34: 0 | D34: 女儿国王 | F34: 29 | G34: 6 | H34: 30290 | I34: 30291 | O34: 30291 | P34: 30291 | Q34: 1 | R34: 29 | S34: 这是卡牌的简介 | T34: 这是卡牌的使用技巧 | V34: 50 | X34: 0 | Y34: 1 | Z34: 3001 | AC34: 1
A35: 3030 | B35: 1 | C35: 0 | D35: 混世魔王 | E35: 0 | F35: 30 | G35: 6 | H35: 30300 | I35: 30301;30302 | O35: 30301 | P35: 30301 | Q35: 1 | R35: 30 | S35: 这混世魔王，强占水帘洞天，欺占群猴，手段凶残。不料大圣学成归来，一棒将其碾作亡魂。虽是修为低微的宵小之辈，却是大圣血光初试第一人。有诗赞曰：魔头猖狂终授首，大圣初战定根基。 | T35: 无需操作的大圣，适合以【协战】为核心的卡组，推荐使用花果山、天庭。 | V35: 50 | W35: 2.5 | X35: 100 | Y35: 1 | Z35: 3030 | AC35: 6;8 | AD35: 10000
A36: 3031 | B36: 1 | C36: 0 | D36: 黄狮精 | E36: 0 | F36: 31 | G36: 6 | H36: 30310 | I36: 30311 | O36: 30311 | P36: 30311 | Q36: 1 | R36: 31 | S36: 黄狮精乃九灵元圣徒孙，占据豹头山虎口洞为巢。此妖痴迷神兵，盗走悟空师兄弟兵器，却行事独特——付钱买猪羊，开“钉耙会”。虽非大奸大恶之徒，却横死大圣棒下，令人不禁扼腕。正是：钉耙犹带耕云梦，翻作豹头山上尘。 | T36: 适合所有阵容的大圣，大圣技能可在前期提升战斗力，在中后期可养成特定的部将。 | V36: 50 | W36: 3.5 | X36: 100 | Y36: 1 | Z36: 3031 | AC36: 999 | AD36: 10000
A37: 3032 | B37: 0 | C37: 0 | D37: 西王母 | F37: 32 | G37: 6 | H37: 30320 | I37: 30321 | O37: 30321 | P37: 30321;30322 | Q37: 1 | R37: 32 | S37: 这是卡牌的简介 | T37: 这是卡牌的使用技巧 | V37: 50 | X37: 0 | Y37: 1 | Z37: 3001 | AC37: 1
A38: 3033 | B38: 1 | C38: 0 | D38: 孟婆 | E38: 灵玉买 | F38: 33 | G38: 6 | H38: 30330 | I38: 30331 | J38: -1 | K38: 5 | L38: 2500 | M38: 5#2500;8#680 | N38: 8#6折 | O38: 30331 | P38: 30331;30332 | Q38: 1 | R38: 33 | S38: 地府掌管轮回之使，驻在奈何桥头忘川彼岸。一碗孟婆汤，管他是王侯将相、凡夫走卒，自此前尘尽忘，六道轮回去也！世人常道：一勺汤尽千般泪，三生爱恨化云烟。 | T38: 适合以【登场】部将为辅助核心的大圣，搭配【福星】可多次触发效果。推荐天庭、狮驼岭阵容。 | V38: 50 | W38: 4.5 | X38: 0 | Y38: 1 | Z38: 3033 | AC38: 8;7 | AD38: 10000
A39: 3034 | B39: 1 | C39: 0 | D39: 女儿国王 | E39: 七日签到 | F39: 34 | G39: 6 | H39: 30340 | I39: 30341;30342 | J39: -1 | K39: 3034 | L39: 1 | M39: 3034#1 | O39: 30341 | P39: 30341 | Q39: 1 | R39: 34 | S39: 西梁女国那女王娘娘，生得闭月羞花，性情温婉多情。遇唐僧师徒，一见倾心，愿以倾国之富，换君共度此生。虽终未能挽留圣僧西去，一片痴情仍感天动地。正是：柔情似水女儿国，一段姻缘天难全。 | T39: 适合所有阵容的大圣，额外的免费刷新使其比其他大圣有更大机会购买到心仪的部将。 | V39: 50 | W39: 4.5 | X39: 100 | Y39: 1 | Z39: 3034 | AC39: 999 | AD39: 10000
A40: 3035 | B40: 0 | C40: 0 | D40: 弥勒佛 | F40: 35 | G40: 6 | H40: 30350 | I40: 30351;30352 | O40: 30351 | P40: 30351 | Q40: 1 | R40: 35 | S40: 这是卡牌的简介 | T40: 这是卡牌的使用技巧 | V40: 50 | X40: 0 | Y40: 1 | Z40: 3001 | AC40: 1
A41: 3036 | B41: 1 | C41: 1 | D41: 秦广王 | E41: 4000 | F41: 36 | G41: 6 | H41: 30360 | I41: 30361;30362 | J41: 4000 | O41: 30361 | P41: 30361;30362 | Q41: 1 | R41: 36 | S41: 十殿阎罗之首，掌幽冥司，判善恶，量刑罚。青面獠牙，威坐森罗殿，一案一笔，定万魂轮回。世人常道：阳间一念恶，阴司已挂号，常做亏心事，夜半鬼敲门！ | T41: 适合以【残念】部将为核心的阵容，搭配【寿星】可多次触发效果。推荐龙宫、灵山阵容。 | V41: 50 | W41: 3.5 | X41: 100 | Y41: 1 | Z41: 3036 | AC41: 4;3;5 | AD41: 10000
A42: 3037 | B42: 0 | C42: 0 | D42: 骊山圣女 | F42: 37 | G42: 6 | H42: 30370 | I42: 30371 | O42: 30371 | P42: 30371 | Q42: 1 | R42: 37 | S42: 这是卡牌的简介 | T42: 这是卡牌的使用技巧 | V42: 50 | X42: 0 | Y42: 1 | Z42: 3001 | AC42: 1
A43: 3038 | B43: 1 | C43: 0 | D43: 白衣哪吒 | E43: 0 | F43: 38 | G43: 6 | H43: 30380 | I43: 30381 | O43: 30381 | P43: 30381 | Q43: 1 | R43: 38 | S43: 哪吒乃李靖之三子，太乙真人之徒。生得面如傅粉，唇若涂朱，眼运睛光射斗府，眉横杀气贯虹霓。昔年大闹东海，抽龙筋做绦，揭龙鳞为甲，直打得水晶宫梁柱倾颓。后削骨还父，托生为莲，重塑法身，涤净戾气，终得果正。赞曰：拆骨还天重铸身，焚尽苍涛始净尘。佛心灭尽千劫火，莲目初开一念澄。 | T43: 后发制人的大圣，在重生后拥有大量的一次性资源。 | V43: 50 | W43: 2.5 | X43: 100 | Y43: 1 | Z43: 3038 | AB43: 1#8011,8012,8013 | AC43: 999 | AD43: 10000
A44: 3039 | B44: 0 | C44: 0 | D44: 灵吉菩萨 | F44: 39 | G44: 6 | H44: 30390 | I44: 30391 | O44: 30391 | P44: 30391;30392;30393;30394;30395;30396 | Q44: 1 | R44: 39 | S44: 这是卡牌的简介 | T44: 这是卡牌的使用技巧 | V44: 50 | X44: 0 | Y44: 1 | Z44: 3001 | AC44: 1
A45: 3040 | B45: 1 | C45: 0 | D45: 敖丙 | E45: 0 | F45: 40 | G45: 6 | H45: 30400 | I45: 30401;30402 | O45: 30401 | P45: 30401 | Q45: 1 | R45: 40 | S45: 原是东海龙宫三太子，生得玉面朱缨，万鳞耀光，掌中一杆方天戟，挥动时浪涌连云。本是天庭贵胄，却因哪吒闹海命丧陈塘关，龙筋被抽，魂魄无依。后封华盖星，位列仙班。正是：戟扫龙宫寒藻碎，珠悬鲛室夜光凝。若非顽童抽筋日，凌霄殿上早封星。 | T45: 适合龙宫阵容的大圣，可以平稳过渡龙宫前期乏力的阶段。 | V45: 50 | W45: 1.5 | X45: 100 | Y45: 1 | Z45: 3040 | AC45: 4 | AD45: 10000
A46: 3041 | B46: 1 | C46: 0 | D46: 月老 | E46: 6000 | F46: 41 | G46: 6 | H46: 30410 | I46: 30411 | J46: 6000 | O46: 30411 | P46: 30411 | Q46: 1 | R46: 41 | S46: 太阴星君座下掌姻缘之仙，居广寒宫东侧红线阁。手握姻缘簿，脚踩红线缠，掌管三界姻缘。凡间男女，命中注定，皆由他红线一牵，正所谓：千里姻缘天书定，一线能系乾坤侣。姻缘到，自有期！ | T46: 适合以【登场】【后援】部将为辅助核心的大圣，可考虑尽早通过大圣技能获得【福星】【禄星】，取得优势。 | V46: 50 | W46: 4 | X46: 100 | Y46: 1 | Z46: 3041 | AC46: 8;6 | AD46: 10000
A47: 3042 | B47: 1 | C47: 0 | D47: 武财神 | E47: 6000 | F47: 42 | G47: 6 | H47: 30420 | I47: 30421 | J47: 6000 | O47: 30421 | P47: 30421 | Q47: 1 | R47: 42 | S47: 那关帝圣君赤面长须，手擒青龙偃月，胯下赤兔如风。忠义参天，信义为本，招财进宝，镇宅辟邪，商贾奉为守护神。常言：义薄云天财自聚，商海扬帆赖此君。 | T47: 无需操作的大圣，可抓取前期强势阵容击败对手部将以积累经济优势。 | V47: 50 | W47: 1 | X47: 100 | Y47: 1 | Z47: 3042 | AC47: 7;1 | AD47: 10000
A48: 3043 | B48: 0 | C48: 0 | D48: 金池长老 | E48: 人民币买 | F48: 8 | G48: 6 | H48: 30430 | I48: 30431;30432 | J48: -1 | K48: 3043 | L48: 1 | M48: 3043#1 | O48: 30431 | P48: 30431 | Q48: 1 | R48: 8 | S48: 这金池长老，寿高二百七十岁，观音院住持，平日念佛诵经，看似得道高僧。怎奈贪心作祟，见唐僧锦襕袈裟，竟起歹意，纵火谋财。反烧寺院，愧恨自尽。正是：修行百年一念贪，袈裟未得命先丧。 | T48: 前期强势的大圣。开局自带的两名部将可以提高前期战斗力，而是否养成这两名部将，以及何时将他们替换成其他部将，是取胜的关键。 | V48: 50 | W48: 3 | X48: 100 | Y48: 1 | Z48: 3043 | AB48: 0#1158,1159 | AC48: 999 | AD48: 12500
A49: 3044 | B49: 1 | C49: 0 | D49: 土地公 | E49: 0 | F49: 0 | G49: 6 | H49: 30440 | I49: 30441 | O49: 30441 | P49: 30441 | Q49: 1 | R49: 8 | S49: 民间尊称的福德正神，坐镇一方水土，护佑五谷丰登，小灾小难皆能化解，更是地府凡间的传信人。虽地位低微，却在民间广受敬重。真可谓：莫笑顺眼低眉相，职微敢系众生春。 | T49: 万用型的大圣，可持续回复自身血量，难度低，适合新手使用。 | V49: 50 | W49: 0.5 | X49: 100 | Y49: 1 | Z49: 3044 | AC49: 999 | AD49: 10000
A50: 3045 | B50: 1 | C50: 0 | D50: 李世民 | E50: 6000 | F50: 43 | G50: 6 | H50: 30450 | J50: 6000 | O50: 30450 | P50: 30451 | Q50: 1 | R50: 8 | S50: 贞观太宗李世民，少年骁勇，戎马定大唐江山。经玄武之变登帝位，执掌社稷。他礼贤纳谏，励精图治，开创贞观盛世，文治武功冠绝当世，威震四海、万国来朝，乃是千古传颂的一代雄主。 | T50: 能够为多势力组成的阵营提供属性加成。 | V50: 50 | W50: 3 | X50: 0 | Y50: 1 | Z50: 3045 | AC50: 2;0 | AD50: 10000
A51: 3046 | B51: 0 | C51: 0 | D51: 火德星君 | E51: 8000 | F51: 44 | G51: 6 | H51: 30460 | J51: 8000 | O51: 30460 | P51: 30461 | Q51: 1 | R51: 8 | S51: 天庭火部正神，正是火德星君。身披赤焰神甲，周身烈火环绕，执掌三界万火。统御火部神兵，掌天火、焚邪祟，镇世间火厄。神威凛冽，性情刚烈，乃是坐镇南天、执掌火道的无上尊神。 | T51: 与修罗势力高度契合的大圣。 | V51: 50 | W51: 3 | X51: 0 | Y51: 1 | Z51: 3046 | AC51: 1
A52: 3047 | B52: 1 | C52: 0 | D52: 申公豹 | E52: 灵玉买 | F52: 45 | G52: 6 | H52: 30470 | J52: -1 | K52: 5 | L52: 2500 | M52: 5#2500;8#680 | N52: 8#6折 | O52: 30470 | P52: 30471 | Q52: 1 | R52: 8 | S52: 形貌诡谲仙骨暗藏，精通旁门诡异玄术。口舌如簧善搅三界风云，游走仙妖之间搬弄是非。心机深沉野心勃勃，身负莫测邪法，搅动封神乱世纷争，凭一身诡道本事纵横四海，堪称乱世狡黠妖仙。 | T52: 升级商店的同时能够稳住战力，方便快速升本。 | V52: 50 | W52: 1 | X52: 0 | Y52: 1 | Z52: 3047 | AC52: 999 | AD52: 10000
A53: 3048 | B53: 0 | C53: 0 | D53: 天马 | F53: 46 | G53: 6 | H53: 30480 | I53: 30481 | J53: 8000 | O53: 30480 | P53: 30481 | Q53: 1 | R53: 8 | S53: 此等神驹身姿骏健，蹄踏祥云，鬃染流光，日行万里而不倦。专供仙家驾乘，往来九霄云海，乘风逐雾，气度不凡，乃是天界行走四方的上等神骑。 | T53: 根据战场情况灵活选用坐骑，适应能力强。 | V53: 50 | W53: 3.5 | X53: 0 | Y53: 1 | Z53: 3048 | AC53: 1
A54: 3049 | B54: 1 | C54: 0 | D54: 纣王 | E54: 灵玉买 | F54: 47 | G54: 6 | H54: 30490 | J54: -1 | K54: 5 | L54: 2500 | M54: 5#2500;8#680 | N54: 8#6折 | O54: 30490 | P54: 30491 | Q54: 1 | R54: 8 | S54: 商纣王帝辛，生来力大无双，勇冠三军，天资雄武曾震慑四方。奈何沉迷酒色、宠信妲己，暴虐无道残害忠良，荒废朝纲失尽民心。引得诸侯起兵伐商，一朝断送成汤基业，落得千古昏君之名。 | T54: 强大的铺场能力，适合新手使用。 | V54: 50 | W54: 1 | X54: 0 | Y54: 1 | Z54: 3049 | AC54: 999 | AD54: 10000
A55: 3050 | B55: 1 | C55: 0 | D55: 弥勒佛 | E55: 8000 | F55: 48 | G55: 6 | H55: 30500 | J55: 8000 | O55: 30500 | P55: 30501 | Q55: 1 | R55: 8 | S55: 这位弥勒佛祖，又称东来世尊。大肚容山河，笑口纳凡尘，位列西天诸佛，执掌未来气运。性情宽厚豁达，深藏无边法力，常以嬉笑观世间因果，静待轮回机缘，是佛门一团和气的顶级大能。 | T55: 适合对能够造成法伤的部将阵容，适合灵山。 | V55: 50 | W55: 2 | X55: 0 | Y55: 1 | Z55: 3050 | AC55: 3 | AD55: 10000
A56: 3051 | B56: 1 | C56: 0 | D56: 土地娘娘 | E56: 4000 | F56: 49 | G56: 6 | H56: 30510 | I56: 30511 | J56: 4000 | O56: 30510 | P56: 30511 | Q56: 1 | R56: 8 | S56: 坐镇一方山川乡土，性情温婉慈和。身蕴大地灵脉之力，执掌一方祸福兴衰，可镇邪驱祟、庇佑黎民。心怀人间烟火，默默守护四方安宁，以温润道法福泽苍生，乃是凡间接地气的福德灵神。 | T56: 通过隐匿保护核心部将，适合单核阵容。 | V56: 50 | W56: 3 | X56: 0 | Y56: 1 | Z56: 3051 | AC56: 999 | AD56: 10000
A57: 3052 | B57: 1 | C57: 1 | D57: 唐三藏 | E57: 灵玉买 | F57: 50 | G57: 6 | H57: 30520 | I57: 30521;30522;30523;30524 | J57: -1 | K57: 5 | L57: 2500 | M57: 5#2500;8#680 | N57: 8#6折 | O57: 30520 | P57: 30521 | Q57: 1 | R57: 8 | S57: 本为如来佛祖座下二徒金蝉子，因轻慢佛法，转生东土。托生为状元陈光蕊之子，自幼于金山寺出家，法号玄奘。唐王李世民与其结为兄弟，赐号三藏，命其往西天拜佛求经。途中收得孙悟空、猪悟能、沙悟净，并得白龙马为脚力。历尽八十一难，终至灵山，取得三藏真经，广布东土。 | T57: 经济型英雄，基本可以视为每回合多2枚金币。 | V57: 50 | W57: 3 | X57: 0 | Y57: 1 | Z57: 3052 | AC57: 999 | AD57: 10000
A58: 3053 | B58: 1 | C58: 1 | D58: 孙悟空 | E58: 0 | F58: 51 | G58: 6 | H58: 30530 | I58: 30531;30532;30533;30534;30535;30536 | O58: 30530 | P58: 30531 | Q58: 1 | R58: 8 | S58: 原是东胜神洲傲来国石猴，师从菩提祖师，习得诸般神通。自封“齐天大圣”，大闹天宫，被玉皇大帝下令擒拿。大战十万天兵，终为如来镇于五行山下。五百年后得观音菩萨点化，拜唐三藏为师，力克八十一难护其周全，终得正果，受封斗战胜佛。 | T58: 前期获得强大的战斗优势。 | V58: 50 | W58: 2 | X58: 0 | Y58: 1 | Z58: 3053 | AC58: 1;7 | AD58: 10000
A59: 3054 | B59: 1 | C59: 1 | D59: 猪八戒 | E59: 0 | F59: 52 | G59: 6 | H59: 30540 | I59: 30541;30542;30543;30544;30545 | O59: 30540 | P59: 30541 | Q59: 1 | R59: 8 | S59: 本为天庭玉皇大帝手下的天蓬元帅，因醉酒调戏嫦娥，被玉皇大帝逐出天界，却错投猪胎，嘴脸与猪相似。栖身云栈洞，后被观音菩萨指点拜唐僧为师，法号悟能。历八十一难修成正果，受封净坛使者。 | T59: 更多的容错空间。 | V59: 70 | W59: 4 | X59: 0 | Y59: 1 | Z59: 3054 | AC59: 999 | AD59: 10000
A60: 3055 | B60: 1 | C60: 1 | D60: 沙和尚 | E60: 0 | F60: 53 | G60: 6 | H60: 30550 | I60: 30551 | O60: 30550 | P60: 30551 | Q60: 1 | R60: 8 | S60: 原是天庭灵霄殿前侍銮舆的卷帘大将，因在蟠桃会上失手打碎琉璃盏，触犯天条，被玉皇大帝打了八百，贬下流沙河。每七日受飞剑穿胸之刑，饥寒难忍，便上岸吃人为生。后得观音菩萨点化，归于佛门，法号悟净，于流沙河等候取经人。唐僧途经，遂拜师入门，执杖挑担，同往西天。 | T60: 一次性获得大量的金币。 | V60: 50 | W60: 3.5 | X60: 0 | Y60: 1 | Z60: 3055 | AC60: 999 | AD60: 10000
A61: 3056 | B61: 1 | C61: 1 | D61: 白龙马 | E61: 灵玉买 | F61: 54 | G61: 6 | H61: 30560 | I61: 30561;30562 | J61: -1 | K61: 5 | L61: 2500 | M61: 5#2500;8#680 | N61: 8#6折 | O61: 30560 | P61: 30561 | Q61: 1 | R61: 8 | S61: 原是西海龙王三太子，因纵火烧殿，贬为唐僧坐骑。踏云而行，日行千里，默默负圣僧西去。历经劫难，终成八部天龙。正是：龙脊承圣道，无言万里行。 | T61: 需要配合刷神通的阵容。 | V61: 50 | W61: 5 | X61: 0 | Y61: 1 | Z61: 3056 | AC61: 6;9 | AD61: 10000
A62: 3057 | B62: 1 | C62: 0 | D62: 姜子牙 | E62: 灵玉买 | F62: 55 | G62: 6 | H62: 30570 | J62: -1 | K62: 5 | L62: 2500 | M62: 5#2500;8#680 | N62: 8#6折 | O62: 30570 | P62: 30571 | Q62: 1 | R62: 8 | S62: 白发苍髯仙风道骨，隐于渭水静待机缘。胸藏安邦封神韬略，手握打神神鞭，通晓天地玄机。辅佐明主伐纣定乾坤，执掌封神大业，道韵浩然，乃是凡间得道、济世封神的千古奇仙。 | T62: 可将核心牌变为任意阵营，吃到其他阵营强力辅助牌的效果，适合任意阵营 | V62: 50 | W62: 5 | X62: 0 | Y62: 1 | Z62: 3057 | AC62: 999 | AD62: 10000
A63: 3058 | B63: 1 | C63: 0 | D63: 嫦娥 | E63: 灵玉买 | F63: 56 | G63: 6 | H63: 30580 | I63: 30581;30582;30583;30584 | J63: -1 | K63: 5 | L63: 2500 | M63: 5#2500;8#680 | N63: 8#6折 | O63: 30580 | P63: 30582 | Q63: 1 | R63: 8 | S63: 本是上古仙子，冰肌玉骨胜雪霜，霓裳轻扬带桂香。误食仙药飞升月宫，独居广寒伴玉兔，琼楼玉宇间仙姿绰约，眸光清冷如月华，桂树飘香绕周身，是不染尘俗、仙韵盎然的月宫神女！ | T63: 冰冻敌方部将的效果有效妨碍对手核心部将的行动，打乱敌方行动步骤 | V63: 50 | W63: 5 | X63: 0 | Y63: 1 | Z63: 3058 | AC63: 999 | AD63: 10000
A64: 3059 | B64: 1 | C64: 0 | D64: 土行孙 | E64: 灵玉买 | F64: 57 | G64: 6 | H64: 30590 | J64: -1 | K64: 5 | L64: 2500 | M64: 5#2500;8#680 | N64: 8#6折 | O64: 30590 | P64: 30591 | Q64: 1 | R64: 8 | S64: 身形矮小，貌不惊人，却身怀绝世地行奇术。能遁土穿梭瞬息千里，来去无影无踪。手舞镔铁棍身法灵动诡谲，擅长潜行偷袭，纵横沙场难逢敌手，辅佐西岐伐纣，凭独门神通扬名封神乱世。 | T64: 通过在手牌保留核心牌来扩大优势，适合任何阵营 | V64: 50 | W64: 5 | X64: 0 | Y64: 1 | Z64: 3059 | AC64: 999 | AD64: 10000
A65: 3060 | B65: 1 | C65: 0 | D65: 黄眉老佛 | E65: 灵玉买 | F65: 58 | G65: 6 | H65: 30600 | J65: -1 | K65: 5 | L65: 2500 | M65: 5#2500;8#680 | N65: 8#6折 | O65: 30600 | P65: 30601 | Q65: 1 | R65: 8 | S65: 弥勒佛祖座下侍者，私自下界称霸一方。手握金铙、人种袋两大绝世至宝，神通广大法力无边。擅设假雷音迷惑众生，横行世间难遇敌手，搅乱西行路途，威名震慑妖仙两界。 | T65: 根据自身当前商店等级，快速刷到当前等级的核心牌，组建合适阵容，适合任何阵营 | V65: 50 | W65: 5 | X65: 0 | Y65: 1 | Z65: 3060 | AC65: 999 | AD65: 10000
A66: 3061 | B66: 1 | C66: 0 | D66: 灵虚道长 | F66: 61 | G66: 6 | H66: 30610 | O66: 30610 | P66: 30611 | Q66: 0 | R66: 8 | S66: 一身素黄道袍，鹤发垂肩，常年隐居深山古观。精通符箓丹道，能辨阴阳、破邪祟，平日不问尘俗纷争，唯有百姓遭祸、妖物作乱时，方才下山济世。性子淡然洒脱，谈吐藏玄机，一身道法深不可测。 | T66: 使用技能可以更好的收集当前阵容的部将，提前调配阵容。 | V66: 50 | W66: 5 | X66: 0 | Y66: 1 | Z66: 3061 | AA66: 试做大圣,不代表最终数据 | AC66: 999 | AD66: 10000
A67: 3062 | B67: 1 | C67: 0 | D67: 青龙 | F67: 62 | G67: 6 | H67: 30620 | O67: 30620 | P67: 30621 | Q67: 0 | R67: 8 | S67: 这青龙乃是上古四灵之首，一身苍鳞覆体，龙角峥嵘，行云布雨执掌东方木气。性情端方威严，镇妖伏邪护佑苍生，寻常妖魔见之便胆寒。不轻易现世，但凡人间有大难，便腾云驾雾前来化解，神威浩荡莫测。 | T67: 使用本相卡在前期稳定血量，快速提升商店等级。 | V67: 50 | W67: 5 | X67: 0 | Y67: 1 | Z67: 3062 | AA67: 试做大圣,不代表最终数据 | AB67: 0#1190 | AC67: 999 | AD67: 10000
A68: 3063 | B68: 0 | C68: 0 | D68: 白虎 | F68: 63 | G68: 6 | H68: 30630 | O68: 30630 | P68: 30631 | Q68: 0 | R68: 8 | S68: 通体银白似雪，虎目含煞，一身杀伐之气直冲云霄。主兵戈镇凶煞，魑魅魍魉见之无不俯首逃窜。平日镇守西方金位，若非世间祸乱丛生，绝不轻离本位，威风凛凛，煞气慑人。 | T68: 直接对敌方大圣造成伤害，适合对血量低，但队伍成型的大圣进行直接收割 | V68: 50 | W68: 5 | X68: 0 | Y68: 1 | Z68: 3063 | AA68: 试做大圣,不代表最终数据 | AC68: 999 | AD68: 10000
A69: 3064 | B69: 1 | C69: 0 | D69: 艾虎 | E69: 端午商店 | F69: 64 | G69: 6 | H69: 30640 | J69: -1 | K69: 3064 | L69: 1 | M69: 3064#1 | O69: 30640 | P69: 30641 | Q69: 0 | R69: 8 | S69: 端午门上悬的艾虎大有来头，专能驱避毒虫邪祟。古人道虎为百兽之王，艾草辟秽，二者合一镇宅安户。端午挂于门楣，护一家老小安康，消瘴气、挡五毒，是端午必不可少的镇宅好物。 | T69: 稳定提升场上部将的属性。 | V69: 50 | W69: 5 | X69: 0 | Y69: 1 | Z69: 3064 | AA69: 试做大圣,不代表最终数据 | AC69: 6 | AD69: 10000
A70: 3065 | B70: 1 | C70: 1 | D70: 火德星君 | E70: 人民币买 | F70: 8 | G70: 6 | H70: 30650 | I70: 30651 | J70: -1 | K70: 3065 | L70: 1 | M70: 3065#1 | O70: 30650 | P70: 30651 | Q70: 1 | R70: 8 | S70: 天庭火部正神，正是火德星君。身披赤焰神甲，周身烈火环绕，执掌三界万火。统御火部神兵，掌天火、焚邪祟，镇世间火厄。神威凛冽，性情刚烈，乃是坐镇南天、执掌火道的无上尊神。 | T70: 前期强势的大圣。开局自带的部将在前期可以累计大量优势。 | V70: 50 | W70: 3 | X70: 0 | Y70: 1 | Z70: 3065 | AB70: 0#1192 | AC70: 999 | AD70: 10000
A71: 3066 | B71: 1 | C71: 0 | D71: 六耳猕猴 | E71: 灵玉买 | F71: 66 | G71: 6 | H71: 30660 | I71: 30661 | J71: -1 | K71: 5 | L71: 2500 | M71: 5#2500;8#680 | N71: 8#6折 | O71: 30660 | P71: 30661 | Q71: 0 | R71: 8 | S71: 混世四猴之一，善聆音，能察理，变化莫测。趁悟空被逐，冒充其形，打伤唐僧，夺取行李。真假难辨，闹到地府、天庭、雷音寺，终被如来识破，一棒打杀。正是：真假难分惊寰宇，如来慧眼定是非。 | T71: 克制单个部将特别强大的对手 | V71: 50 | W71: 2.5 | X71: 0 | Y71: 1 | Z71: 3066 | AA71: 试做大圣,不代表最终数据 | AC71: 999 | AD71: 10000
A72: 3067 | B72: 1 | C72: 0 | D72: 高翠兰 | E72: 灵玉买 | F72: 67 | G72: 6 | H72: 30670 | I72: 30671 | J72: -1 | K72: 5 | L72: 2500 | M72: 5#2500;8#680 | N72: 8#6折 | O72: 30670 | P72: 30671 | Q72: 0 | R72: 8 | S72: 高翠兰乃是高老庄高太公独女，生得貌若芙蓉性情温婉，本配好人家，怎料被猪悟能强占为妻，锁于后宅三年。幸得唐僧师徒路过，悟空降妖，翠兰方脱苦海，重归自在。 | T72: 拥有强大恢复能力的大圣，有效拉长战线，适合后期强劲的阵容 | V72: 50 | W72: 5 | X72: 0 | Y72: 1 | Z72: 3067 | AA72: 试做大圣,不代表最终数据 | AC72: 999 | AD72: 10000
A73: 3068 | B73: 1 | C73: 0 | D73: 猪守拙 | E73: 灵玉买 | F73: 68 | G73: 6 | H73: 30680 | I73: 30681 | J73: -1 | K73: 5 | L73: 2500 | M73: 5#2500;8#680 | N73: 8#6折 | O73: 30680 | P73: 30681 | Q73: 0 | R73: 8 | S73: 生得憨态敦厚，外表看似木讷笨拙，实则大智若愚，藏一身不凡修为。平日低调内敛、守拙藏锋，不骄不躁，逢危难便展露神通，心怀侠义正气，稳立世间护苍生。 | T73: 在合适的时机使用技能，可让单个强度远超其他部将 | V73: 50 | W73: 4 | X73: 0 | Y73: 1 | Z73: 3068 | AA73: 试做大圣,不代表最终数据 | AC73: 1;7 | AD73: 10000
A74: 3069 | B74: 1 | C74: 0 | D74: 蜘蛛精 | E74: 灵玉买 | F74: 69 | G74: 6 | H74: 30690 | I74: 30691;30692;30693 | J74: -1 | K74: 5 | L74: 2500 | M74: 5#2500;8#680 | N74: 8#6折 | O74: 30690 | P74: 30691 | Q74: 0 | R74: 8 | S74: 原是盘丝洞中蜘蛛修成的女妖，占据濯垢泉，吐丝织网，捕食过往生灵。因见唐僧相貌俊俏，欲与之行采阳补阴之术，遂出手擒之。其师兄多目怪乃黄花观观主，身有千眼金光神通。后孙悟空得毗蓝婆菩萨相助，将七蛛与多目怪一并收服，方才破了此劫。 | T74: 可大幅度降低敌方攻击，针对直接伤害的部将更加有效 | V74: 50 | W74: 3.5 | X74: 0 | Y74: 1 | Z74: 3069 | AA74: 试做大圣,不代表最终数据 | AC74: 999 | AD74: 10000
A75: 3070 | B75: 1 | C75: 0 | D75: 大姐绯烟 | E75: 灵玉买 | F75: 70 | G75: 6 | H75: 30700 | I75: 30701;30702 | J75: -1 | K75: 5 | L75: 2500 | M75: 5#2500;8#680 | N75: 8#6折 | O75: 30700 | P75: 30701 | Q75: 0 | R75: 8 | S75: 绯烟本是灵蛛修形，聪慧多情却遭凡人负心，自此勘破情爱虚妄，领六妹占濯垢泉、守盘丝洞。脐吐银丝能缚仙凡，性冷心硬，唯护姊妹，誓以蛛网揽三界，不教真心再染尘！ | T75: 可以反复召唤毒蜘蛛，持续力极强 | V75: 50 | W75: 5 | X75: 0 | Y75: 1 | Z75: 3070 | AA75: 试做大圣,不代表最终数据 | AC75: 5 | AD75: 10000
A76: 3071 | B76: 1 | C76: 0 | D76: 四妹赤璃 | E76: 灵玉买 | F76: 71 | G76: 6 | H76: 30710 | I76: 30711 | J76: -1 | K76: 5 | L76: 2500 | M76: 5#2500;8#680 | N76: 8#6折 | O76: 30710 | P76: 30711 | Q76: 0 | R76: 8 | S76: 红衣艳绝，身姿妖娆绝尘。身怀千年蛛灵秘术，巧织天罗地网，银丝缠锁万千英豪。眉眼含媚暗藏锋芒，惑人心智，诡法难防，凭一身妖力横行洞府，独领妖娆妖威。 | T76: 持续战斗能力强大的大圣，削弱敌方，增强自己 | V76: 50 | W76: 2 | X76: 0 | Y76: 1 | Z76: 3071 | AA76: 试做大圣,不代表最终数据 | AC76: 999 | AD76: 10000
A77: 3072 | B77: 1 | C77: 0 | D77: 牛魔王 | E77: 灵玉买 | F77: 72 | G77: 6 | H77: 30720 | I77: 30721;30722 | J77: -1 | K77: 5 | L77: 2500 | M77: 5#2500;8#680 | N77: 8#6折 | O77: 30720 | P77: 30721 | Q77: 0 | R77: 8 | S77: 本为翠云山与积雷山的主人，号平天大圣，悟空结义兄长。其妻铁扇公主执掌芭蕉扇，掌管火焰山风雨；其子红孩儿号圣婴大王，盘踞三百里钻头号山。神通广大，交友广阔，因阻挠孙悟空师徒过火焰山，与佛道两家兵将争斗，终被哪吒及众神降服，押往西天，皈依佛门。 | T77: 通过吞噬商店部将快速提升战力,但由于是后援触发技能效果，需格外注意要保留的商店卡牌位置 | V77: 50 | W77: 5 | X77: 0 | Y77: 1 | Z77: 3072 | AA77: 试做大圣,不代表最终数据 | AC77: 7 | AD77: 10000
A78: 3073 | B78: 1 | C78: 0 | D78: 杨戬 | E78: 灵玉买 | F78: 73 | G78: 6 | H78: 30730 | I78: 30731;30733;30734 | O78: 30730 | P78: 30731 | Q78: 0 | R78: 8 | S78: 号清源妙道真君，又称二郎神，居于灌江口，为玉皇大帝之外甥。额有天眼，手持三尖两刃刀，携神犬哮天，有七十二般变化。曾奉旨擒拿大闹天宫的孙悟空，二人赌赛变化，不分胜负。后于孙悟空西行途中，亦曾出手相助，收伏九头虫等妖魔，听调不听宣，性情孤高。 | T78: 可根据实际情况，来使用不同效果 | V78: 50 | W78: 5 | X78: 0 | Y78: 1 | Z78: 3073 | AA78: 试做大圣,不代表最终数据 | AC78: 8 | AD78: 10000
A79: 3074 | B79: 1 | C79: 0 | D79: 江流儿 | E79: 灵玉买 | F79: 74 | G79: 6 | H79: 30740 | I79: 30741;30742 | J79: -1 | K79: 5 | L79: 2500 | M79: 5#2500;8#680 | N79: 8#6折 | O79: 30740 | P79: 30741 | Q79: 0 | R79: 8 | S79: 这江流儿生得眉目清俊，心怀慈悲禅心，自幼身负西行宿命。看似年少柔弱，却藏坚毅道根，一身浩然正气傍身。踏红尘、历磨难，以善念渡众生，凭本心抗妖邪，小小身躯自有万丈佛光。 | T79: 发挥不是很稳定的大圣，若足够幸运可以建立相当大的优势 | V79: 50 | W79: 5 | X79: 0 | Y79: 1 | Z79: 3074 | AA79: 试做大圣,不代表最终数据 | AC79: 999 | AD79: 10000
A80: 3075 | B80: 1 | C80: 0 | D80: 红孩儿 | E80: 灵玉买 | F80: 75 | G80: 6 | H80: 30750 | I80: 30751;30752;30753 | J80: -1 | K80: 5 | L80: 2500 | M80: 5#2500;8#680 | N80: 8#6折 | O80: 30750 | P80: 30751 | Q80: 0 | R80: 8 | S80: 乃牛魔王与铁扇公主之子，号圣婴大王。曾在云栈洞修行三百年，炼成三昧真火，销金蚀铁无所不焚。欲食唐僧肉以求长生，遂设计擒拿唐僧，并用神火破了大圣金身。后悟空请来观音以千叶莲台和天罡刀降服，自此皈依佛门，号善财童子。 | V80: 50 | W80: 2 | X80: 0 | Y80: 1 | Z80: 3075 | AA80: 试做大圣,不代表最终数据 | AC80: 999 | AD80: 10000
A81: 5001 | B81: 0 | C81: 0 | D81: 小童子 | E81: 5001 | F81: 501 | G81: 6 | H81: 35001 | J81: 99999 | O81: 35001 | P81: 30541 | Q81: 0 | R81: 8 | S81: 小童子 | V81: 1 | W81: 0 | X81: 0 | Y81: 1 | Z81: 3001 | AE81: 十里坡
A82: 5002 | B82: 0 | C82: 0 | D82: 缺心眼 | E82: 5002 | F82: 502 | G82: 6 | H82: 35002 | J82: 99999 | O82: 35002 | P82: 30541 | Q82: 0 | R82: 8 | S82: 缺心眼 | V82: 1 | W82: 0 | X82: 0 | Y82: 1 | Z82: 3001 | AE82: 十里坡
A83: 5003 | B83: 0 | C83: 0 | D83: 孙悟空 | E83: 5003 | F83: 503 | G83: 6 | H83: 35003 | J83: 99999 | O83: 35003 | P83: 30541 | Q83: 0 | R83: 8 | S83: 土地公 | V83: 1 | W83: 0 | X83: 0 | Y83: 1 | Z83: 3001 | AA83: 土地公 | AE83: 五行山
A84: 5004 | B84: 0 | C84: 0 | D84: 猪八戒 | E84: 5004 | F84: 504 | G84: 6 | H84: 35004 | J84: 99999 | O84: 35004 | P84: 30541 | Q84: 0 | R84: 8 | S84: 猪八戒 | V84: 1 | W84: 0 | X84: 0 | Y84: 1 | Z84: 3001 | AA84: 猪八戒 | AE84: 高老庄
A85: 5005 | B85: 0 | C85: 0 | D85: 白龙马 | E85: 5005 | F85: 505 | G85: 6 | H85: 35005 | J85: 99999 | O85: 35005 | P85: 30541 | Q85: 0 | R85: 8 | S85: 白龙马 | V85: 1 | W85: 0 | X85: 0 | Y85: 1 | Z85: 3001 | AA85: 三太子 | AE85: 鹰愁涧
A86: 5006 | B86: 0 | C86: 0 | D86: 沙悟净 | E86: 5006 | F86: 506 | G86: 6 | H86: 35006 | J86: 99999 | O86: 35006 | P86: 30541 | Q86: 0 | R86: 8 | S86: 沙悟净 | V86: 1 | W86: 0 | X86: 0 | Y86: 1 | Z86: 3001 | AA86: 沙悟净 | AE86: 流沙河
A87: 5007 | B87: 0 | C87: 0 | D87: 巡山小妖 | E87: 5007 | F87: 507 | G87: 6 | H87: 35007 | J87: 99999 | O87: 35007 | P87: 30541 | Q87: 0 | R87: 8 | S87: 巡山小妖 | V87: 1 | W87: 0 | X87: 0 | Y87: 1 | Z87: 3001 | AE87: 十里坡
A88: 5008 | B88: 0 | C88: 0 | D88: 天庭守卫 | E88: 5008 | F88: 508 | G88: 6 | H88: 35008 | J88: 99999 | O88: 35008 | P88: 30541 | Q88: 0 | R88: 8 | S88: 阿呆阿瓜 | V88: 1 | W88: 0 | X88: 0 | Y88: 1 | Z88: 3001 | AE88: 十里坡
A89: 5009 | B89: 0 | C89: 0 | D89: 黑熊精 | E89: 5009 | F89: 509 | G89: 6 | H89: 35009 | J89: 99999 | O89: 35009 | P89: 30541 | Q89: 0 | R89: 8 | S89: 黑熊精 | V89: 1 | W89: 0 | X89: 0 | Y89: 1 | Z89: 3001 | AA89: 黑熊精 | AE89: 黑风洞
A90: 5010 | B90: 0 | C90: 0 | D90: 黄风大圣 | E90: 5010 | F90: 510 | G90: 6 | H90: 35010 | J90: 99999 | O90: 35010 | P90: 30541 | Q90: 0 | R90: 8 | S90: 黄风大圣 | V90: 1 | W90: 0 | X90: 0 | Y90: 1 | Z90: 3001 | AA90: 黄风大圣 | AE90: 黄风岭
A91: 5011 | B91: 0 | C91: 0 | D91: 金池长老 | E91: 5011 | F91: 511 | G91: 6 | H91: 35011 | J91: 99999 | O91: 35011 | P91: 30541 | Q91: 0 | R91: 8 | S91: 金池长老 | V91: 1 | W91: 0 | X91: 0 | Y91: 1 | Z91: 3001 | AA91: 金池长老 | AE91: 观音禅院
A92: 5012 | B92: 0 | C92: 0 | D92: 金角大王 | E92: 5012 | F92: 512 | G92: 6 | H92: 35012 | J92: 99999 | O92: 35012 | P92: 30541 | Q92: 0 | R92: 8 | S92: 金角大王 | V92: 10 | W92: 0 | X92: 0 | Y92: 1 | Z92: 3001 | AA92: 金角大王 | AE92: 平顶山
A93: 5013 | B93: 0 | C93: 0 | D93: 红孩儿 | E93: 5013 | F93: 513 | G93: 6 | H93: 35013 | J93: 99999 | O93: 35013 | P93: 30541 | Q93: 0 | R93: 8 | S93: 红孩儿 | V93: 1 | W93: 0 | X93: 0 | Y93: 1 | Z93: 3001 | AA93: 红孩儿 | AE93: 火云洞
A94: 5014 | B94: 0 | C94: 0 | D94: 太白金星 | E94: 5014 | F94: 514 | G94: 6 | H94: 35014 | J94: 99999 | O94: 35014 | P94: 30541 | Q94: 0 | R94: 8 | S94: 太白金星 | V94: 1 | W94: 0 | X94: 0 | Y94: 1 | Z94: 3001 | AE94: 十里坡
A95: 5015 | B95: 0 | C95: 0 | D95: 袁守城 | E95: 5015 | F95: 515 | G95: 6 | H95: 35015 | J95: 99999 | O95: 35015 | P95: 30541 | Q95: 0 | R95: 8 | S95: 袁守城 | V95: 1 | W95: 0 | X95: 0 | Y95: 1 | Z95: 3001 | AE95: 十里坡
A96: 5016 | B96: 0 | C96: 0 | D96: 镇元子 | E96: 5016 | F96: 516 | G96: 6 | H96: 35016 | J96: 99999 | O96: 35016 | P96: 30541 | Q96: 0 | R96: 8 | S96: 镇元子 | V96: 1 | W96: 0 | X96: 0 | Y96: 1 | Z96: 3001 | AA96: 镇元子 | AE96: 五庄观
A97: 5017 | B97: 0 | C97: 0 | D97: 骊山仙子 | E97: 5017 | F97: 517 | G97: 6 | H97: 35017 | J97: 99999 | O97: 35017 | P97: 30541 | Q97: 0 | R97: 8 | S97: 骊山仙子 | V97: 1 | W97: 0 | X97: 0 | Y97: 1 | Z97: 3001 | AA97: 骊山仙子 | AE97: 骊山
A98: 5018 | B98: 0 | C98: 0 | D98: 白骨精 | E98: 5018 | F98: 518 | G98: 6 | H98: 35018 | J98: 99999 | O98: 35018 | P98: 30541 | Q98: 0 | R98: 8 | S98: 白骨精 | V98: 1 | W98: 0 | X98: 0 | Y98: 1 | Z98: 3001 | AA98: 白骨精 | AE98: 白虎岭
A99: 5019 | B99: 0 | C99: 0 | D99: 黄袍怪 | E99: 5019 | F99: 519 | G99: 6 | H99: 35019 | J99: 99999 | O99: 35019 | P99: 30541 | Q99: 0 | R99: 8 | S99: 黄袍怪 | V99: 1 | W99: 0 | X99: 0 | Y99: 1 | Z99: 3001 | AA99: 黄袍怪 | AE99: 宝象国
A100: 5020 | B100: 0 | C100: 0 | D100: 大鹏金翅鸟 | E100: 5020 | F100: 520 | G100: 6 | H100: 35020 | J100: 99999 | O100: 35020 | P100: 30541 | Q100: 0 | R100: 8 | S100: 大鹏金翅鸟 | V100: 1 | W100: 0 | X100: 0 | Y100: 1 | Z100: 3001 | AA100: 大鹏金翅鸟 | AE100: 狮驼岭
...

Sheet 统帅技能
A1: 技能ID | B1: 技能组 | D1: 技能名称 | E1: 技能副标题 | F1: AI策略类型 | G1: AI策略参数 | H1: 技能描述 | I1: 技能简版内容 | J1: 技能详情内容 | K1: 是否有技能详情 | N1: 技能图标 | O1: 技能表现 | P1: 技能类型 | Q1: 技能消耗 | R1: 选择目标 | S1: 拥有特性 | T1: 先机顺序 | U1: 解锁技能的商店等级 | V1: 解锁技能的回合 | W1: 限制使用次数 | X1: 使用次数减耗 | Y1: 升级类型 | Z1: 升级参数 | AA1: 抉择卡牌技能ID | AB1: 被动触发类型 | AC1: 技能参数 | AD1: 参数描述 | AE1: 填充参数显示 | AF1: 技能填充参数 | AG1: 客户端额外参数 | AH1: 默认填充参数 | AJ1: 技能喊话ID
A2: Id | B2: SkillGroup | D2: SkillName | E2: SkillTitle | F2: AIStrategyType | G2: AIStrategyParam | H2: SkillDesc | I2: SkillDetails | J2: SkillSimple | K2: HaveDetails | N2: SkillIcon | O2: Perform_Skill | P2: SkillType | Q2: SkillCost | R2: SelectTargetId | S2: FeatureID | T2: Sort | U2: UnlockSkillShopLv | V2: UnlockSkillRound | W2: Limit | X2: UseReduceCost | Y2: LvUpTyper | Z2: LvUpParam | AA2: SlectSkillID | AB2: TriggerType | AC2: SkillParam | AD2: Desc | AE2: ShowUseNumByParams | AF2: ExtParams | AG2: ClientExtParams | AH2: DefaultParams | AJ2: TaskId
B3: 服务器 技能组 | F3: 查看批注 | G3: 1、数量 2、数量 3、特性id 4、特性id | H3: 参数在战斗中由服务器提供 在展示时,根据配置的默认填充参数展示 说明 文本规则：指定/随机-行为 -数量 -敌我 -单位类型 - 具体属性 标红规则：特性标红，指定部将、神通标红 其他规则：不写回合等于永久，写了回合就是限时 位置规则：不写就是场上，写了商店、手牌才会包含 指定规则：没写随机就是指定 ，写了其他就是不包含自身 常用名次：自身 友方部将 敌方部将 所有 其他 我方大圣 敌方大圣 | I3: 大圣选择界面 技能描述读这里 | J3: 点击详情后 技能描述读这里 | K3: 0 没有 1 有 有的话技能图标后显示详情按钮 | O3: 技能的表现 表现id | P3: 0被动 1主动 | Q3: 主动显示 消耗金币 被动不显示 | R3: 该卡操作时 选择目标id 不配是直接用 | S3: 统帅特性 | U3: 商店X级时 解锁使用该技能 | V3: 第几回合时 解锁技能 | W3: 总次数限制 | X3: 仅限 技能用N次后 技能消耗-1点 | Y3: 技能升级的类型 1、使用次数升级 2、商店等级升级 3、触发使用升级 | Z3: 根据升级类型 1、使用次数 2、商店等级 3、触发次数 | AA3: 使用后需要进行抉择的技能 | AB3: 1、战斗开始前 2、商店升级触发 3、战斗中召唤部将 4、特性触发 5、使用卡牌 6、出售 7、购买卡牌 8、切换回合(同回营) 9、统帅死亡时 10、到上阵队伍 11、召唤特定势力部将 12、击杀敌方部将 13、开局时 14、大圣受到任意伤害时 15、友方阵亡N个部将触发 | AE3: 通过技能参数显示技能使用次数使用 | AF3: 服务器下发的参数 | AG3: Administrator: 在默认填充参数的基础上，额外需要展示的参数 use:当前使用次数 left:剩余次数 magic:法强 shop：根据商店增加次数 cd:技能冷却 | AH3: 当无法获得 服务器提供的参数时 参数展示为默认值 | AI3: 备注 策划需要需要展示的参数 | AJ3: 释放技能时，播放的喊话内容ID Z_战斗——技能喊话ID
A4: int | B4: int | D4: string | E4: string | F4: int | G4: list:int | H4: string | I4: string | J4: string | K4: int | N4: string | O4: int | P4: int | Q4: int | R4: int | S4: int | T4: int | U4: int | V4: int | W4: int | X4: int | Y4: int | Z4: int | AA4: list:int | AB4: int | AC4: string | AD4: string | AE4: int | AF4: string | AG4: list:string | AH4: list:int | AJ4: int
A5: 备用行
A6: 30011 | B6: 1 | C6: =_xlfn.XLOOKUP(VALUE(LEFT(A6,4)),[1]统帅!A:A,[1]统帅!D:D,9999) -> 菩提祖师 | D6: 布道 | E6: 主动 | F6: 3 | G6: 6 | H6: 使1个部将与其同阵营的部将+{0}/+{1}(每购买2张花果山/大唐阵营部将额外+1/+1) | I6: 使1个部将与其同阵营的部将+1/+1 | J6: 使1个部将与其同阵营的部将+1/+1(每购买2张花果山/大唐阵营部将额外+1/+1) | K6: 1 | L6: masterskill_3001 | M6: =K6&L6 -> 1masterskill_3001 | N6: Card/masterskill_3001 | O6: 3001 | P6: 1 | Q6: 0 | R6: 201 | AC6: 1#1;2;2#6;1#1 | AD6: 攻击#血量;购买数量;势力类型#势力类型;额外加的攻击;额外加的血 | AF6: 2参数， 攻击，血量 | AH6: 1;1 | AI6: 2参数， 攻击，血量 | AJ6: 30011
A7: 30021 | B7: 2 | C7: =_xlfn.XLOOKUP(VALUE(LEFT(A7,4)),[1]统帅!A:A,[1]统帅!D:D,9999) -> 黄眉 | D7: 九首 | E7: 主动 | F7: 2 | G7: 4 | H7: 使用后,获得商店内全部卡牌(每过1回合,以及每购买1张罗刹部将,技能费用-1) | I7: 使用后,获得商店内全部卡牌(每过1回合,以及每购买1张罗刹部将,技能费用-1) | M7: =K7&L7 | N7: Card/img-jineng2 | O7: 3002 | P7: 1 | Q7: 11 | AC7: 1 | AD7: 参数势力类型
A8: 30031 | B8: 3 | C8: 真武大帝 | D8: 真武 | E8: 被动 | H8: <color=#d77b28>先手</color>:使最左侧部将本回合获得<color=#d77b28>狂怒</color>;+{0}/+{1}(随回合数提升,每回合提高+1/+1) | I8: <color=#d77b28>先手</color>:使最左侧部将本回合获得<color=#d77b28>狂怒</color>与+3/+3 | J8: <color=#d77b28>先手</color>:使最左侧部将本回合获得<color=#d77b28>狂怒</color>与+3/+3(随回合数提升,每回合提高+1/+1) | K8: 1 | L8: masterskill_3003 | M8: 1masterskill_3003 | N8: Card/masterskill_3003 | O8: 3003 | P8: 0 | S8: 9 | T8: 1 | AC8: 10;3#3 | AD8: 特性ID;攻击#血量 | AF8: 2参数， 攻击，血量 | AH8: 3;3 | AI8: 2参数， 攻击，血量 | AJ8: 30031
A9: 30041 | B9: 4 | C9: 金角大王 | D9: 玉净瓶 | E9: 主动 | F9: 1 | G9: 3 | H9: 使商店部将+1/+1(剩余{0}次,使用6次后费用+1) | I9: 使商店部将+1/+1(可用10次,6次后费用+1) | J9: 使商店部将+1/+1(可用10次,6次后费用+1) | K9: 1 | L9: masterskill_3004 | M9: Card/masterskill_3004 | N9: Card/masterskill_3004 | O9: 3004 | P9: 1 | Q9: 0 | W9: 10 | Y9: 1 | Z9: 6 | AC9: 1;1 | AD9: 参数+1/+1 | AF9: 1参数， 剩余次数 | AG9: left | AH9: 10 | AI9: 2参数， 剩余次数 | AJ9: 30041
A10: 30042 | B10: 4 | C10: 金角大王 | D10: 玉净瓶 | E10: 主动 | F10: 1 | G10: 3 | H10: 使商店部将+1/+1(剩余{0}次,使用6次后费用+1) | I10: 使商店部将+1/+1(可用10次,6次后费用+1) | J10: 使商店部将+1/+1(可用10次,6次后费用+1) | L10: masterskill_3004 | M10: Card/masterskill_3004 | N10: Card/masterskill_3004 | O10: 3004 | P10: 1 | Q10: 1 | W10: 10 | AC10: 1;1 | AD10: 参数+1/+1 | AF10: 1参数， 剩余次数 | AG10: left | AH10: 10 | AI10: 2参数， 剩余次数 | AJ10: 30041
A11: 30051 | B11: 5 | C11: =_xlfn.XLOOKUP(VALUE(LEFT(A11,4)),[1]统帅!A:A,[1]统帅!D:D,9999) -> 太白金星 | D11: 诏安 | E11: 主动 | F11: 1 | G11: 1 | H11: 挑选1张具有登场效果的部将(使用{0}/8次后,技能费用-1) | I11: 使用后,挑选1张具有登场效果的部将(使用<color=#d77b28>{0}/8</color>次后,技能费用-1) | M11: =K11&L11 | N11: Card/img-jineng1 | O11: 3005 | P11: 1 | Q11: 2 | X11: 8 | AG11: use | AH11: 0 | AI11: 1参数，当前使用次数
A12: 30061 | B12: 6 | C12: =_xlfn.XLOOKUP(VALUE(LEFT(A12,4)),[1]统帅!A:A,[1]统帅!D:D,9999) -> 黄风大圣 | D12: 飞沙 | E12: 被动 | H12: <color=#d77b28>业报(3)</color>:对所有敌方部将造成2点伤害,商店等级5升级;(<color=#d77b28>灵力</color>:+{0}) | I12: <color=#d77b28>业报(3)</color>:对所有敌方部将造成2点伤害 | J12: <color=#d77b28>业报(3)</color>:对所有敌方部将造成2点伤害(商店等级5时提升3点伤害) | K12: 1 | L12: masterskill_3006 | M12: =K12&L12 -> 1masterskill_3006 | N12: Card/masterskill_3006 | O12: 3006 | P12: 0 | Q12: 0 | S12: 14 | Y12: 2 | Z12: 5 | AB12: 4 | AC12: 3;2 | AD12: 业报数量;法术伤害 | AF12: 1参数，灵力 | AG12: magic | AH12: 0 | AI12: 1参数，灵力 | AJ12: 30061
A13: 30062 | B13: 6 | C13: =_xlfn.XLOOKUP(VALUE(LEFT(A13,4)),[1]统帅!A:A,[1]统帅!D:D,9999) -> 黄风大圣 | D13: 飞沙 | E13: 被动 | H13: <color=#d77b28>业报(3)</color>:对所有敌方部将造成6点伤害;(<color=#d77b28>灵力</color>:+{0}) | I13: <color=#d77b28>业报(3)</color>:对所有敌方部将造成6点伤害 | L13: masterskill_3006 | M13: =K13&L13 -> masterskill_3006 | N13: Card/masterskill_3006 | O13: 3006 | S13: 14 | U13: 5 | AB13: 4 | AC13: 3;6 | AD13: 业报数量;法术伤害 | AF13: 1参数，灵力 | AG13: magic | AH13: 0 | AI13: 1参数，灵力 | AJ13: 30061
A14: 30071 | B14: 7 | C14: =_xlfn.XLOOKUP(VALUE(LEFT(A14,4)),[1]统帅!A:A,[1]统帅!D:D,9999) -> 魔礼红 | D14: 混元伞 | E14: 被动 | H14: 每次升级商店后,挑选1张当前商店等级的部将(提升商店至2级,3级的费用+1;提升商店至4级,5级,6级的费用+2) | I14: 每次升级商店后,挑选1张当前商店等级的部将(提升商店至2级,3级的费用+1;提升商店至4级,5级,6级的费用+2) | M14: =K14&L14 | N14: Card/img-jineng3 | O14: 3007 | P14: 0 | AB14: 2 | AC14: 2#1;3#1;4#2;5#2;6#2 | AD14: 商店等级#增加的升级费用
A15: 30081 | B15: 8 | C15: =_xlfn.XLOOKUP(VALUE(LEFT(A15,4)),[1]统帅!A:A,[1]统帅!D:D,9999) -> 金池长老 | D15: 袈裟 | E15: 主动 | F15: 1 | G15: 1 | H15: 使用后,获得1张<color=#d77b28>【金币】</color>,<color=#d77b28>{0}%</color>概率额外再获得1张(每次提升商店等级,概率提高10%) | I15: 使用后,获得1张<color=#d77b28>【金币】</color>,<color=#d77b28>{0}%</color>概率额外再获得1张(每次提升商店等级,概率提高10%) | L15: masterskill_3008 | M15: =K15&L15 -> masterskill_3008 | N15: Card/masterskill_3008 | O15: 3008 | P15: 1 | Q15: 0 | AC15: 1011 | AD15: 锦囊ID | AF15: 1参数，概率(数值：10到100) | AH15: 0 | AI15: 1参数，概率(数值：10到100) | AJ15: 30081
A16: 30091 | B16: 9 | C16: =_xlfn.XLOOKUP(VALUE(LEFT(A16,4)),[1]统帅!A:A,[1]统帅!D:D,9999) -> 鬼子母神 | D16: 六道 | E16: 被动 | H16: 战斗中召唤部将时,使其获得<color=#d77b28>护法</color>,+{0}/+{1}(商店等级3/5级时效果提升+1/+1) | I16: 战斗中召唤部将时,使其获得<color=#d77b28>护法</color>,+1/+1 | J16: 战斗中召唤部将时,使其获得<color=#d77b28>护法</color>,+1/+1(商店等级3/5级时效果提升+1/+1) | K16: 1 | L16: masterskill_3009 | M16: =K16&L16 -> 1masterskill_3009 | N16: Card/masterskill_3009 | O16: 3009 | P16: 0 | Y16: 2 | Z16: 3 | AB16: 3 | AC16: 2;1#0 | AD16: 特性ID;攻击;血量 | AF16: 2参数， 攻击，血量 | AH16: 1;0 | AI16: 2参数， 攻击，血量 | AJ16: 30091
A17: 30092 | B17: 9 | C17: =_xlfn.XLOOKUP(VALUE(LEFT(A17,4)),[1]统帅!A:A,[1]统帅!D:D,9999) -> 鬼子母神 | D17: 六道 | E17: 被动 | H17: 战斗中召唤部将时,使其获得<color=#d77b28>护法</color>,+{0}/+{1}(商店等级3/5级时效果提升+1/+1) | I17: 战斗中召唤部将时,使其获得<color=#d77b28>护法</color>,+2/+2 | J17: 战斗中召唤部将时,使其获得<color=#d77b28>护法</color>,+2/+2(商店等级3/5级时效果提升+1/+1) | K17: 1 | L17: masterskill_3009 | M17: =K17&L17 -> 1masterskill_3009 | N17: Card/masterskill_3009 | O17: 3009 | P17: 0 | U17: 3 | Y17: 2 | Z17: 5 | AB17: 3 | AC17: 2;1#1 | AD17: 特性ID;攻击;血量 | AF17: 2参数， 攻击，血量 | AH17: 1;1 | AI17: 2参数， 攻击，血量 | AJ17: 30091
A18: 30093 | B18: 9 | C18: =_xlfn.XLOOKUP(VALUE(LEFT(A18,4)),[1]统帅!A:A,[1]统帅!D:D,9999) -> 鬼子母神 | D18: 六道 | E18: 被动 | H18: 战斗中召唤部将时,使其获得<color=#d77b28>护法</color>,+{0}/+{1}(商店等级3/5级时效果提升+1/+1) | I18: 战斗中召唤部将时,使其获得<color=#d77b28>护法</color>,+3/+3 | J18: 战斗中召唤部将时,使其获得<color=#d77b28>护法</color>,+3/+3(商店等级3/5级时效果提升+1/+1) | K18: 1 | L18: masterskill_3009 | M18: =K18&L18 -> 1masterskill_3009 | N18: Card/masterskill_3009 | O18: 3009 | P18: 0 | U18: 5 | AB18: 3 | AC18: 2;2#2 | AD18: 特性ID;攻击;血量 | AF18: 2参数， 攻击，血量 | AH18: 2;2 | AI18: 2参数， 攻击，血量 | AJ18: 30091
A19: 30101 | B19: 10 | C19: =_xlfn.XLOOKUP(VALUE(LEFT(A19,4)),[1]统帅!A:A,[1]统帅!D:D,9999) -> 嫦娥 | D19: 月华 | E19: 主动 | F19: 1 | G19: 1 | H19: 使用后,挑选上一名对手的1个部将的基础版本(使用<color=#d77b28>{0}/4</color>次后,技能费用-1) | I19: 使用后,挑选上一名对手的1个部将的基础版本(使用<color=#d77b28>{0}/4</color>次后,技能费用-1) | L19: masterskill_3010 | M19: =K19&L19 -> masterskill_3010 | N19: Card/masterskill_3010 | O19: 3010 | P19: 1 | Q19: 2 | X19: 4 | AG19: use | AH19: 0 | AI19: 1参数，当前使用次数
A20: 30111 | B20: 11 | C20: =_xlfn.XLOOKUP(VALUE(LEFT(A20,4)),[1]统帅!A:A,[1]统帅!D:D,9999) -> 托塔天王 | D20: 镇守 | E20: 主动 | F20: 4 | G20: 5 | H20: 使1个部将获得<color=#d77b28>护盾</color>,并使具有<color=#d77b28>护盾</color>的部将+2/+2({0}/8次后费用+1) | I20: 使1个部将获得<color=#d77b28>护盾</color>,并使具有<color=#d77b28>护盾</color>的部将+2/+2(8/8次后费用+1) | L20: masterskill_3011 | M20: =K20&L20 -> masterskill_3011 | N20: Card/masterskill_3011 | O20: 3011 | P20: 1 | Q20: 1 | R20: 204 | Y20: 1 | Z20: 8 | AC20: 5;2#2 | AD20: 特性ID;攻击;血量 | AF20: 1参数 次数 | AG20: use | AH20: 0 | AI20: 1参数，当前使用次数 | AJ20: 30111
A21: 30112 | B21: 11 | C21: =_xlfn.XLOOKUP(VALUE(LEFT(A21,4)),[1]统帅!A:A,[1]统帅!D:D,9999) -> 托塔天王 | D21: 镇守 | E21: 主动 | F21: 4 | G21: 5 | H21: 使1个部将获得<color=#d77b28>护盾</color>,并使具有<color=#d77b28>护盾</color>的部将+2/+2({0}/8次后费用+1) | I21: 使1个部将获得<color=#d77b28>护盾</color>,并使具有<color=#d77b28>护盾</color>的部将+2/+2(8/8次后费用+1) | L21: masterskill_3011 | M21: =K21&L21 -> masterskill_3011 | N21: Card/masterskill_3011 | O21: 3011 | P21: 1 | Q21: 2 | R21: 204 | AC21: 5;2#2 | AD21: 特性ID;攻击;血量 | AF21: 1参数 次数 | AG21: use | AH21: 0 | AI21: 1参数，当前使用次数 | AJ21: 30111
A22: 30121 | B22: 12 | C22: =_xlfn.XLOOKUP(VALUE(LEFT(A22,4)),[1]统帅!A:A,[1]统帅!D:D,9999) -> 玉皇大帝 | D22: 圣谕 | E22: 主动 | F22: 5 | H22: 使1个部将获得+5/+5,并使其永久变为金卡;剩余({0}/2次) | I22: 使1个部将获得+5/+5,并使其永久变为金卡;剩余2次 | L22: masterskill_3012 | M22: =K22&L22 -> masterskill_3012 | N22: Card/masterskill_3012 | O22: 3012 | P22: 1 | Q22: 0 | R22: 202 | W22: 2 | AC22: 5;5 | AD22: 攻击力，生命值 | AF22: 1参数 次数 | AG22: left | AH22: 2 | AI22: 1参数，剩余次数 | AJ22: 30121
A23: 30131 | B23: 13 | C23: =_xlfn.XLOOKUP(VALUE(LEFT(A23,4)),[1]统帅!A:A,[1]统帅!D:D,9999) -> 月老 | D23: 红线 | E23: 主动 | F23: 1 | G23: 1 | H23: 使用后,随机获得商店内的1个部将(使用<color=#d77b28>{0}/9</color>次后,技能升级) | I23: 使用后,随机获得商店内的1个部将(使用<color=#d77b28>{0}/9</color>次后,技能升级) | M23: =K23&L23 | N23: Card/img-jineng1 | O23: 3013 | P23: 1 | Q23: 1 | Y23: 1 | Z23: 9 | AC23: 1;1 | AD23: 类型1纯随机#获得卡牌的属性倍数 | AG23: use | AH23: 0 | AI23: 1参数，当前使用次数
A24: 30132 | B24: 13 | C24: =_xlfn.XLOOKUP(VALUE(LEFT(A24,4)),[1]统帅!A:A,[1]统帅!D:D,9999) -> 月老 | D24: 红线 | E24: 主动 | F24: 1 | G24: 1 | H24: 使用后,获得商店内的1个星级最高的部将,并使其属性翻倍 | I24: 使用后,获得商店内的1个星级最高的部将,并使其属性翻倍 | M24: =K24&L24 | N24: Card/img-jineng1 | O24: 3013 | P24: 1 | Q24: 1 | AC24: 2;2 | AD24: 类型2最高星随机#获得卡牌的属性倍数
A25: 30141 | B25: 14 | C25: 骊山圣女 | D25: 道源 | E25: 主动 | F25: 1 | G25: 1 | H25: 挑选1张神通 | I25: 挑选1张神通 | L25: masterskill_3014 | M25: masterskill_3014 | N25: Card/masterskill_3014 | O25: 3014 | P25: 1 | Q25: 0 | AJ25: 30141
A26: 30142 | B26: 14 | C26: =_xlfn.XLOOKUP(VALUE(LEFT(A26,4)),[1]统帅!A:A,[1]统帅!D:D,9999) -> 骊山圣女 | D26: 道源 | E26: 主动 | F26: 1 | G26: 1 | H26: 挑选1张神通({0}/4次后费用+1) | I26: 挑选1张<color=#d77b28>神通</color>(4次后费用+1) | L26: masterskill_3014 | M26: =K26&L26 -> masterskill_3014 | N26: Card/masterskill_3014 | O26: 3014 | P26: 1 | Q26: 1 | AF26: 1参数 次数 | AG26: use | AH26: 0 | AI26: 1参数，当前使用次数 | AJ26: 30141
A27: 30151 | B27: 15 | C27: =_xlfn.XLOOKUP(VALUE(LEFT(A27,4)),[1]统帅!A:A,[1]统帅!D:D,9999) -> 六耳猕猴 | D27: 倾城 | E27: 主动 | F27: 1 | G27: 1 | H27: 获得1张<color=#d77b28>百面千相</color>(剩余{0}次;商店3级解锁) | I27: 获得1张<color=#d77b28>百面千相</color>(剩余4次) | J27: 获得1张<color=#d77b28>百面千相</color>(剩余{0}次;商店3级解锁) | K27: 1 | L27: masterskill_3015 | M27: =K27&L27 -> 1masterskill_3015 | N27: Card/masterskill_3015 | O27: 3015 | P27: 1 | Q27: 0 | U27: 3 | W27: 4 | AC27: 1061 | AG27: left | AH27: 4 | AI27: 1参数，剩余次数 | AJ27: 30151
A28: 30161 | B28: 16 | C28: =_xlfn.XLOOKUP(VALUE(LEFT(A28,4)),[1]统帅!A:A,[1]统帅!D:D,9999) -> 玉面狐狸 | D28: 魅惑 | E28: 主动 | F28: 1 | G28: 1 | H28: 本回合获得<color=#d77b28>先手</color>:召唤对手1个最高星级部将的普通卡进入战场,并获得该部将(若敌方没有部将则获得1张广结仙友1) | I28: 本回合获得<color=#d77b28>先手</color>:召唤对手1个最高星级部将的普通卡进入战场,并获得该部将(若敌方没有部将则获得1张广结仙友1) | L28: masterskill_3016 | M28: =K28&L28 -> masterskill_3016 | N28: Card/masterskill_3016 | O28: 3016 | P28: 1 | Q28: 1 | T28: 1 | AC28: 9;1041 | AD28: 特性ID;若没有部将则给与的神通ID | AJ28: 30161
A29: 30171 | B29: 17 | C29: =_xlfn.XLOOKUP(VALUE(LEFT(A29,4)),[1]统帅!A:A,[1]统帅!D:D,9999) -> 太白金星 | D29: 诏安 | E29: 主动 | F29: 1 | G29: 1 | H29: 挑选1个当前商店等级的部将(剩余{0}次) | I29: 挑选1个当前商店等级的部将(剩余6次) | M29: =K29&L29 | N29: Card/masterskill_3017 | O29: 3017 | P29: 1 | Q29: 1 | W29: 6 | AG29: left;use | AH29: 6;0 | AI29: 2参数，剩余次数，当前使用次数 | AJ29: 30171
A30: 30181 | B30: 18 | C30: =_xlfn.XLOOKUP(VALUE(LEFT(A30,4)),[1]统帅!A:A,[1]统帅!D:D,9999) -> 钟馗 | D30: 鬼令 | E30: 被动 | H30: <color=#d77b28>先手</color>:使场上所有友方部将+{0}攻击(每次升级商店提升+1) | I30: <color=#d77b28>先手</color>:使场上所有友方部将+2攻击 | J30: <color=#d77b28>先手</color>:使场上所有友方部将+2攻击(每次升级商店提升+1) | K30: 1 | L30: masterskill_3018 | M30: =K30&L30 -> 1masterskill_3018 | N30: Card/masterskill_3018 | O30: 3018 | P30: 0 | AB30: 1 | AF30: 1参数 商店等级 | AG30: left | AH30: 2 | AI30: 1参数，商店等级 | AJ30: 30181
A31: 30191 | B31: 19 | C31: =_xlfn.XLOOKUP(VALUE(LEFT(A31,4)),[1]统帅!A:A,[1]统帅!D:D,9999) -> 斗战胜佛 | D31: 齐天 | E31: 被动 | H31: 使所有友方部将获得<color=#d77b28>斗战</color>:自身+1攻击力(商店等级到达4级时,技能升级) | I31: 所有友方部将获得<color=#d77b28>斗战</color>:自身永久获得<color=#d77b28>+1</color>攻击力(商店等级到达<color=#d77b28>4级</color>时,技能升级) | L31: masterskill_3019 | M31: =K31&L31 -> masterskill_3019 | N31: Card/masterskill_3019 | O31: 3019 | P31: 0 | Y31: 2 | Z31: 4 | AB31: 1 | AC31: 30001 | AJ31: 30191
A32: 30192 | B32: 19 | C32: 白猿 | D32: 斗战 | E32: 被动 | H32: 友方部将获得<color=#d77b28>斗战</color>:自身+1/+1;<color=#d77b28>斗战</color>:进行攻击,被攻击后存活时触发 | I32: 友方部将获得<color=#d77b28>斗战</color>:自身+1/+1 | J32: 友方部将获得<color=#d77b28>斗战</color>:自身+1/+1;<color=#d77b28>斗战</color>:进行攻击,被攻击后存活时触发 | K32: 1 | L32: masterskill_3019 | M32: =K32&L32 -> 1masterskill_3019 | N32: Card/masterskill_3019 | O32: 3019 | P32: 0 | AB32: 1 | AC32: 30003 | AJ32: 30192
A33: 30201 | B33: 20 | C33: 石矶娘娘 | D33: 紫电 | E33: 被动 | H33: <color=#ff2d2d>先手</color>:对随机1个敌方部将造成1点伤害,次数取决于你上场战斗中部将死亡数量;商店等级3升级;(<color=#d77b28>灵力</color>:+{0}) | I33: <color=#ff2d2d>先手</color>:对随机1个敌方部将造成1点伤害,次数取决于你上场战斗中部将死亡数量 | J33: <color=#ff2d2d>先手</color>:对敌方随机1个部将造成1点伤害,次数取决于你上场战斗中部将死亡数量(商店等级3和5时提升1点伤害) | K33: 1 | L33: masterskill_3020 | M33: =K33&L33 -> 1masterskill_3020 | N33: Card/masterskill_3020 | O33: 3020 | P33: 0 | S33: 9 | T33: 1 | Y33: 2 | Z33: 3 | AB33: 4 | AC33: 9;1 | AF33: 1参数，灵力 | AG33: magic | AH33: 0 | AI33: 1参数，灵力 | AJ33: 30201
A34: 30202 | B34: 20 | C34: 石矶娘娘 | D34: 紫电 | E34: 被动 | H34: <color=#ff2d2d>先手</color>:对随机1个敌方部将造成2点伤害,次数取决于你上场战斗中部将死亡数量;商店等级5升级;(<color=#d77b28>灵力</color>:+{0}) | I34: <color=#ff2d2d>先手</color>:对随机1个敌方部将造成2点伤害,次数取决于你上场战斗中部将死亡数量 | J34: <color=#ff2d2d>先手</color>:对敌方随机1个部将造成2点伤害,次数取决于你上场战斗中部将死亡数量;商店等级3和5时提升1点伤害;(灵力:<color=#d77b28>+{0}</color>) | K34: 1 | L34: masterskill_3020 | M34: =K34&L34 -> 1masterskill_3020 | N34: Card/masterskill_3020 | O34: 3020 | P34: 0 | S34: 9 | T34: 1 | U34: 3 | Y34: 2 | Z34: 5 | AB34: 4 | AC34: 9;2 | AF34: 1参数，灵力 | AG34: magic | AH34: 0 | AI34: 1参数，灵力 | AJ34: 30201
A35: 30203 | B35: 20 | C35: 石矶娘娘 | D35: 紫电 | E35: 被动 | H35: <color=#ff2d2d>先手</color>:对随机1个敌方部将造成3点伤害,次数取决于你上场战斗中部将死亡数量(<color=#d77b28>灵力</color>:+{0}) | I35: <color=#ff2d2d>先手</color>:对随机1个敌方部将造成3点伤害,次数取决于你上场战斗中部将死亡数量 | J35: <color=#ff2d2d>先手</color>:对敌方随机1个部将造成3点伤害,次数取决于你上场战斗中部将死亡数量;商店等级3和5时提升1点伤害;(灵力:<color=#d77b28>+{0}</color>) | K35: 1 | L35: masterskill_3020 | M35: =K35&L35 -> 1masterskill_3020 | N35: Card/masterskill_3020 | O35: 3020 | P35: 0 | S35: 9 | T35: 1 | U35: 5 | AB35: 4 | AC35: 9;3 | AF35: 1参数，灵力 | AG35: magic | AH35: 0 | AI35: 1参数，灵力 | AJ35: 30201
A36: 30211 | B36: 21 | C36: =_xlfn.XLOOKUP(VALUE(LEFT(A36,4)),[1]统帅!A:A,[1]统帅!D:D,9999) -> 西王母 | D36: 蟠桃 | E36: 主动 | F36: 1 | G36: 1 | H36: 使1个商店中的部将变形为星级+1的随机部将({0}/6次后可对上阵部将生效,费用+1) | I36: 使1个商店中的部将变形为星级+1的随机部将(6次后可对上阵部将生效,费用+1) | L36: masterskill_3021 | M36: =K36&L36 -> masterskill_3021 | N36: Card/masterskill_3021 | O36: 3021 | P36: 1 | Q36: 0 | R36: 203 | Y36: 1 | Z36: 6 | AG36: use | AH36: 0 | AI36: 1参数，当前使用次数 | AJ36: 30211
A37: 30212 | B37: 21 | C37: =_xlfn.XLOOKUP(VALUE(LEFT(A37,4)),[1]统帅!A:A,[1]统帅!D:D,9999) -> 西王母 | D37: 蟠桃 | E37: 主动 | F37: 1 | G37: 1 | H37: 使1个商店中或上阵中的部将变形为星级+1的随机部将 | I37: 使1个商店中或上阵中的部将变形为星级+1的随机部将 | L37: masterskill_3021 | M37: =K37&L37 -> masterskill_3021 | N37: Card/masterskill_3021 | O37: 3021 | P37: 1 | Q37: 1 | R37: 204 | AJ37: 30212
A38: 30221 | B38: 22 | C38: =_xlfn.XLOOKUP(VALUE(LEFT(A38,4)),[1]统帅!A:A,[1]统帅!D:D,9999) -> 魔礼青 | D38: 青云剑 | E38: 被动 | H38: 每部署1张部将牌至交战区:商店升级费用-1 | I38: 每部署1张部将牌至交战区:商店升级费用-1 | M38: =K38&L38 | N38: Card/img-jineng2 | O38: 3022 | P38: 0 | AB38: 5
A39: 30231 | B39: 23 | C39: =_xlfn.XLOOKUP(VALUE(LEFT(A39,4)),[1]统帅!A:A,[1]统帅!D:D,9999) -> 文财神 | D39: 财神 | E39: 主动 | F39: 1 | G39: 1 | H39: 使用后,下回合获得<color=#d77b28>{0}</color>枚【金币】(使用<color=#d77b28>{1}/6</color>次后,技能效果升级) | I39: 使用后,下回合获得<color=#d77b28>{0}</color>枚【金币】(使用<color=#d77b28>{1}/6</color>次后,技能效果升级) | L39: masterskill_3023 | M39: =K39&L39 -> masterskill_3023 | N39: Card/masterskill_3023 | O39: 3023 | P39: 1 | Q39: 1 | X39: 6 | AC39: 2 | AG39: use | AH39: 2;0 | AI39: 1参数，当前使用次数 | AJ39: 30231
A40: 30232 | B40: 23 | C40: =_xlfn.XLOOKUP(VALUE(LEFT(A40,4)),[1]统帅!A:A,[1]统帅!D:D,9999) -> 文财神 | D40: 财神 | E40: 主动 | F40: 1 | G40: 1 | H40: 使用后,下回合获得<color=#d77b28>{0}</color>枚【金币】 | I40: 使用后,下回合获得<color=#d77b28>{0}</color>枚【金币】 | L40: masterskill_3023 | M40: =K40&L40 -> masterskill_3023 | N40: Card/masterskill_3023 | O40: 3023 | P40: 1 | Q40: 1 | AC40: 2 | AJ40: 30232
A41: 30241 | B41: 24 | C41: =_xlfn.XLOOKUP(VALUE(LEFT(A41,4)),[1]统帅!A:A,[1]统帅!D:D,9999) -> 文财神 | D41: 招财 | E41: 被动 | H41: 本回合出售部将额外获得1枚金币(已获得{0}/{1}枚金币;升级1次商店每回合可额外使用1次,最高5次) | I41: 本回合出售部将额外获得1枚金币(初始1次,随商店等级提升,最高5次) | J41: 本回合出售部将额外获得1枚金币(初始1次,升级商店最高提升到5次) | K41: 1 | L41: masterskill_3023 | M41: =K41&L41 -> 1masterskill_3023 | N41: Card/masterskill_3023 | O41: 3024 | P41: 0 | AB41: 6 | AC41: 1;5 | AD41: 金币;次数上限 | AE41: 1 | AF41: 2参数 已获得，最多获得 | AG41: left | AH41: 0;1 | AI41: 2参数 已获得，最多获得 | AJ41: 30241
A42: 30251 | B42: 25 | C42: =_xlfn.XLOOKUP(VALUE(LEFT(A42,4)),[1]统帅!A:A,[1]统帅!D:D,9999) -> 镇元子 | D42: 人参果 | E42: 主动 | F42: 3 | G42: 3 | H42: 使1个部将+1/+1,并触发其<color=#d77b28>后援</color> | I42: 使1个部将+1/+1,并触发其<color=#d77b28>后援</color> | J42: 使1个部将+1/+1,并触发其<color=#d77b28>后援</color> | L42: masterskill_3025 | M42: =K42&L42 -> masterskill_3025 | N42: Card/masterskill_3025 | O42: 3025 | P42: 1 | Q42: 0 | R42: 201 | AC42: 1#1;3 | AD42: 攻击#生命;特性ID | AJ42: 30251
A43: 30252 | B43: 25 | C43: =_xlfn.XLOOKUP(VALUE(LEFT(A43,4)),[1]统帅!A:A,[1]统帅!D:D,9999) -> 镇元子 | D43: 人参果 | E43: 主动 | F43: 3 | G43: 3 | H43: 使1个部将+1/+1,并触发其<color=#d77b28>后援</color>({0}/5次后费用+1) | I43: 使1个部将+1/+1,并触发其<color=#d77b28>后援</color>(5次后费用+1) | L43: masterskill_3025 | M43: =K43&L43 -> masterskill_3025 | N43: Card/masterskill_3025 | O43: 3025 | P43: 1 | Q43: 1 | R43: 201 | AC43: 1#1;3 | AD43: 攻击#生命;特性ID | AF43: 1参数，次数 | AG43: use | AH43: 0 | AI43: 1参数，次数 | AJ43: 30251
A44: 30261 | B44: 26 | C44: =_xlfn.XLOOKUP(VALUE(LEFT(A44,4)),[1]统帅!A:A,[1]统帅!D:D,9999) -> 银角大王 | D44: 红葫芦 | E44: 主动 | F44: 1 | G44: 1 | H44: 移除1个场上/商店的部将,并使1个随机部将获得其属性值 | I44: 移除目标部将,使随机部将获得其属性 | J44: 移除1个场上/商店的部将,并使1个随机部将获得其属性值 | M44: =K44&L44 | N44: Card/masterskill_3026 | O44: 3026 | P44: 1 | Q44: 0 | R44: 204 | AJ44: 30261
A45: 30262 | B45: 26 | C45: =_xlfn.XLOOKUP(VALUE(LEFT(A45,4)),[1]统帅!A:A,[1]统帅!D:D,9999) -> 银角大王 | D45: 红葫芦 | E45: 主动 | F45: 1 | G45: 1 | H45: 使1个商店中或上阵中的部将,并使随机1个友方将其吞噬获得其属性 | I45: 选择一个商店中或上阵中的部将,使随机一个友方将其吞噬获得其属性 | M45: =K45&L45 | N45: Card/masterskill_3026 | O45: 3026 | P45: 1 | Q45: 0 | R45: 204 | AJ45: 30262
A46: 30271 | B46: 27 | C46: =_xlfn.XLOOKUP(VALUE(LEFT(A46,4)),[1]统帅!A:A,[1]统帅!D:D,9999) -> 混世魔王 | D46: 武库 | E46: 主动 | F46: 1 | G46: 1 | H46: 使用后,挑选1张当前商店等级的装备牌(商店<color=#d77b28>2级</color>解锁) | I46: 使用后,挑选1张当前商店等级的装备牌(商店<color=#d77b28>2级</color>解锁) | M46: =K46&L46 | N46: Card/img-jineng4 | O46: 3027 | P46: 1 | Q46: 2 | U46: 2
A47: 30281 | B47: 28 | C47: =_xlfn.XLOOKUP(VALUE(LEFT(A47,4)),[1]统帅!A:A,[1]统帅!D:D,9999) -> 观音大神 | D47: 救兵 | E47: 主动 | F47: 2 | G47: 2 | H47: 挑选1张当前商店等级的部将,每购买1张神通费用-1(初始费用3) | I47: 挑选1张当前商店等级的部将,每购买1张神通费用-1 | J47: 挑选1张当前商店等级的部将,每购买1张神通费用-1(初始费用3) | L47: masterskill_3028 | M47: =K47&L47 -> masterskill_3028 | N47: Card/masterskill_3028 | O47: 3028 | P47: 1 | Q47: 3 | AJ47: 30281
A48: 30282 | B48: 28 | C48: =_xlfn.XLOOKUP(VALUE(LEFT(A48,4)),[1]统帅!A:A,[1]统帅!D:D,9999) -> 观音大神 | D48: 救兵 | E48: 主动 | F48: 2 | G48: 2 | H48: 挑选1张不高于当前商店等级的部将(使用{0}/8次后费用+1) | I48: 使用后,挑选1张不高于当前商店等级的部将(使用<color=#d77b28>{0}</color>/8次后费用+1) | L48: masterskill_3028 | M48: =K48&L48 -> masterskill_3028 | N48: Card/masterskill_3028 | O48: 3028 | P48: 1 | Q48: 2 | AF48: 1参数，次数 | AG48: use | AH48: 0 | AI48: 1参数，次数 | AJ48: 30281
A49: 30291 | B49: 29 | C49: =_xlfn.XLOOKUP(VALUE(LEFT(A49,4)),[1]统帅!A:A,[1]统帅!D:D,9999) -> 女儿国王 | D49: 眷恋 | E49: 被动 | H49: 每次购买中立阵营卡牌,获得1枚金币;首次触发此效果时,使此次商店刷新费用为0 | I49: 每次购买中立阵营卡牌,获得1枚金币;首次触发此效果时,使此次商店刷新费用为0 | M49: =K49&L49 | N49: Card/img-jineng2 | O49: 3029 | P49: 0 | AB49: 7 | AC49: 2;1
A50: 30301 | B50: 30 | C50: 混世魔王 | D50: 御军 | E50: 被动 | H50: <color=#d77b28>先手</color>:使最左侧部将+{0}攻击,最右侧部将+{1}生命(商店每升1级,分别+2) | I50: <color=#d77b28>先手</color>:使最左侧部将+2攻击,最右侧部将+2生命(商店每升1级,分别+2) | J50: <color=#d77b28>先手</color>:使最左侧部将+{0}攻击,最右侧部将+{1}生命(商店每升1级,分别+2) | K50: 1 | L50: masterskill_3030 | M50: 1masterskill_3030 | N50: Card/masterskill_3030 | O50: 3030 | P50: 0 | S50: 9 | T50: 1 | AC50: 2#0;0#2;2#2#0#0#2;3#4#0#0#4;4#6#0#0#6;5#8#0#0#8;6#10#0#0#10 | AF50: 2参数， 攻击，血量 | AH50: 2;2 | AI50: 2参数， 攻击，血量 | AJ50: 30301
A51: 30311 | B51: 31 | C51: =_xlfn.XLOOKUP(VALUE(LEFT(A51,4)),[1]统帅!A:A,[1]统帅!D:D,9999) -> 黄狮精 | D51: 武勇 | E51: 主动 | F51: 3 | G51: 6 | H51: 使一个部将+{0}/+{1}(每购买2张部将+1/+1) | I51: 使一个部将+1/+1 | J51: 使一个部将+1/+1(每购买2张部将+1/+1) | K51: 1 | L51: masterskill_3031 | M51: =K51&L51 -> 1masterskill_3031 | N51: Card/masterskill_3031 | O51: 3031 | P51: 1 | Q51: 0 | R51: 201 | AC51: 1#1;2;1#1 | AD51: 攻击#血量;购买数量;额外加的攻击#额外加的血 | AF51: 2参数， 攻击，血量 | AH51: 1;1 | AI51: 2参数， 攻击，血量 | AJ51: 30311
A52: 30321 | B52: 32 | C52: =_xlfn.XLOOKUP(VALUE(LEFT(A52,4)),[1]统帅!A:A,[1]统帅!D:D,9999) -> 西王母 | D52: 瑶池 | E52: 被动 | H52: 所有友方部将永久<color=#d77b28>+1</color>生命值和【协战:使自身获得<color=#d77b28>+1</color>生命值】(商店等级到达<color=#d77b28>5级</color>时,技能升级) | I52: 所有友方部将永久<color=#d77b28>+1</color>生命值和【协战:使自身获得<color=#d77b28>+1</color>生命值】(商店等级到达<color=#d77b28>5级</color>时,技能升级) | M52: =K52&L52 | N52: Card/img-jineng1 | O52: 3032 | P52: 0 | Y52: 2 | Z52: 5 | AB52: 10 | AC52: 1#30011
A53: 30322 | B53: 32 | C53: =_xlfn.XLOOKUP(VALUE(LEFT(A53,4)),[1]统帅!A:A,[1]统帅!D:D,9999) -> 西王母 | D53: 瑶池 | E53: 被动 | H53: 所有友方部将永久<color=#d77b28>+2</color>生命值和【协战:使自身获得<color=#d77b28>+2</color>生命值】 | I53: 所有友方部将永久<color=#d77b28>+2</color>生命值和【协战:使自身获得<color=#d77b28>+2</color>生命值】 | M53: =K53&L53 | N53: Card/img-jineng1 | O53: 3032 | P53: 0 | AB53: 10 | AC53: 1#30012
A54: 30331 | B54: 33 | C54: =_xlfn.XLOOKUP(VALUE(LEFT(A54,4)),[1]统帅!A:A,[1]统帅!D:D,9999) -> 孟婆 | D54: 轮回 | E54: 主动 | F54: 4 | G54: 1 | H54: 使1个非金色部将回到手牌({0}/5次后费用+1) | I54: 使1个非金色部将回到手牌(5次后费用+1) | L54: masterskill_3033 | M54: =K54&L54 -> masterskill_3033 | N54: Card/masterskill_3033 | O54: 3033 | P54: 1 | Q54: 0 | R54: 202 | Y54: 1 | Z54: 5 | AF54: 1参数，次数 | AG54: use | AH54: 0 | AI54: 1参数，次数 | AJ54: 30331
A55: 30332 | B55: 33 | C55: =_xlfn.XLOOKUP(VALUE(LEFT(A55,4)),[1]统帅!A:A,[1]统帅!D:D,9999) -> 孟婆 | D55: 轮回 | E55: 主动 | F55: 4 | G55: 1 | H55: 使1个非金色部将回到手牌({0}/5次后费用+1) | I55: 使1个非金色部将回到手牌(5次后费用+1) | L55: masterskill_3033 | M55: =K55&L55 -> masterskill_3033 | N55: Card/masterskill_3033 | O55: 3033 | P55: 1 | Q55: 1 | R55: 202 | AF55: 1参数，次数 | AG55: use | AH55: 0 | AI55: 1参数，次数 | AJ55: 30331
A56: 30341 | B56: 34 | C56: =_xlfn.XLOOKUP(VALUE(LEFT(A56,4)),[1]统帅!A:A,[1]统帅!D:D,9999) -> 女儿国王 | D56: 眷恋 | E56: 被动 | H56: 每回合的前{0}次刷新费用为0(商店3级时增加1次) | I56: 每回合的前1次刷新费用为0(商店3级时增加1次) | L56: masterskill_3034 | M56: =K56&L56 -> masterskill_3034 | N56: Card/masterskill_3034 | O56: 3034 | P56: 0 | AB56: 8 | AC56: 1;3 | AF56: 1参数 次数 | AH56: 1 | AI56: 1参数 次数 | AJ56: 30341
A57: 30351 | B57: 35 | C57: =_xlfn.XLOOKUP(VALUE(LEFT(A57,4)),[1]统帅!A:A,[1]统帅!D:D,9999) -> 弥勒佛 | D57: 乐天 | E57: 主动 | F57: 4 | G57: 16 | H57: 使1个友方部将本回合获得<color=#d77b28>隐匿</color>和永久+{0}生命(随商店等级提升) | I57: 选择一个友方部将,使其本回合获得<color=#d77b28>隐匿</color>和永久<color=#d77b28>+{0}</color>生命值(随商店等级提升) | M57: =K57&L57 | N57: Card/img-jineng6 | O57: 3035 | P57: 1 | Q57: 0 | R57: 201 | AC57: 16;2 | AF57: 1参数 生命 | AH57: 2 | AI57: 1参数 生命
A58: 30361 | B58: 36 | C58: =_xlfn.XLOOKUP(VALUE(LEFT(A58,4)),[1]统帅!A:A,[1]统帅!D:D,9999) -> 秦广王 | D58: 还阳 | E58: 主动 | F58: 4 | G58: 21 | H58: 使1个部将本回合获得<color=#d77b28>转生</color>;所有通过<color=#d77b28>转生</color>召唤的部将+{0}/+{1}({2}/5次后费用+1) | I58: 使1个部将本回合获得<color=#d77b28>转生</color>;所有通过<color=#d77b28>转生</color>召唤的部将+1/+1(5次后费用+1) | L58: masterskill_3036 | M58: =K58&L58 -> masterskill_3036 | N58: Card/masterskill_3036 | O58: 3036 | P58: 1 | Q58: 0 | R58: 201 | Y58: 1 | Z58: 5 | AC58: 21;1#1 | AF58: 2参数， 攻击，血量 | AG58: use | AH58: 1;1;0 | AI58: 3参数， 攻击，血量，次数 | AJ58: 30361
A59: 30362 | B59: 36 | C59: =_xlfn.XLOOKUP(VALUE(LEFT(A59,4)),[1]统帅!A:A,[1]统帅!D:D,9999) -> 秦广王 | D59: 还阳 | E59: 主动 | F59: 4 | G59: 21 | H59: 使1个部将本回合获得<color=#d77b28>转生</color>;所有通过<color=#d77b28>转生</color>召唤的部将+{0}/+{1}(使用{2}/5次后费用+1) | I59: 使1个部将本回合获得<color=#d77b28>转生</color>;所有通过<color=#d77b28>转生</color>召唤的部将+1/+1(5次后费用+1) | L59: masterskill_3036 | M59: =K59&L59 -> masterskill_3036 | N59: Card/masterskill_3036 | O59: 3036 | P59: 1 | Q59: 1 | R59: 201 | AC59: 21;1#1 | AF59: 2参数， 攻击，血量 | AG59: use | AH59: 1;1;0 | AI59: 3参数， 攻击，血量，次数 | AJ59: 30361
A60: 30371 | B60: 37 | C60: =_xlfn.XLOOKUP(VALUE(LEFT(A60,4)),[1]统帅!A:A,[1]统帅!D:D,9999) -> 骊山圣女 | D60: 红颜 | E60: 主动 | F60: 3 | G60: 6 | H60: 选择一个友方部将,使其本回合变为<color=#d77b28>任意</color>阵营和永久获得<color=#d77b28>+{0}/+{1}</color>(随商店等级提升) | I60: 选择一个友方部将,使其本回合变为<color=#d77b28>任意</color>阵营和永久获得<color=#d77b28>+{0}/+{1}</color>(随商店等级提升) | J60: 选择一个友方部将,使其本回合变为<color=#d77b28>任意</color>阵营和永久获得<color=#d77b28>+{0}/+{1}</color>(随商店等级提升) | M60: =K60&L60 | N60: Card/img-jineng3 | O60: 3037 | P60: 1 | Q60: 0 | R60: 201 | AC60: 0;1#1 | AF60: 2参数， 攻击，血量 | AH60: 1;1 | AI60: 2参数， 攻击，血量
A61: 30381 | B61: 38 | C61: =_xlfn.XLOOKUP(VALUE(LEFT(A61,4)),[1]统帅!A:A,[1]统帅!D:D,9999) -> 白衣哪吒 | D61: 再生 | E61: 被动 | H61: 大圣死亡时,复活并拥有1点生命;并获得3张专属神通牌:<color=#d77b28>碧藕为骨</color>:使用后恢复大圣10点生命,<color=#d77b28>荷叶为衣</color>:使用后立即获得6金币,<color=#d77b28>金丹化神</color>:使所有友方部将+8/+8 | I61: 大圣死亡时,复活并拥有1点生命;并获得3张专属神通牌:<color=#d77b28>碧藕为骨</color>、<color=#d77b28>荷叶为衣</color>、<color=#d77b28>金丹化神</color> | J61: 大圣死亡时,复活并拥有1点生命;并获得3张专属神通牌:<color=#d77b28>碧藕为骨</color>:使用后恢复大圣10点生命,<color=#d77b28>荷叶为衣</color>:使用后立即获得6金币,<color=#d77b28>金丹化神</color>:使所有友方部将+8/+8 | K61: 1 | L61: masterskill_3038 | M61: =K61&L61 -> 1masterskill_3038 | N61: Card/masterskill_3038 | O61: 3038 | P61: 0 | AB61: 9 | AC61: 1;8011;8012;8013 | AF61: 1参数 是否触发：0触发 1已触发 | AH61: 0 | AI61: 1参数 是否触发：0否1是
A62: 30391 | B62: 39 | C62: =_xlfn.XLOOKUP(VALUE(LEFT(A62,4)),[1]统帅!A:A,[1]统帅!D:D,9999) -> 灵吉菩萨 | D62: 定风 | E62: 被动 | H62: 购买部将累计3星(已积累<color=#d77b28>{0}/3</color>)时,获得【举贤任能.1】,并技能升级 | I62: 购买部将累计3星(已积累<color=#d77b28>{0}/3</color>)时,获得【举贤任能.1】,并技能升级 | M62: =K62&L62 | N62: Card/img-jineng1 | O62: 3039 | P62: 0 | AB62: 7 | AC62: 3;4083 | AF62: 1参数 星数 | AH62: 0 | AI62: 1参数 星数
A63: 30392 | B63: 39 | C63: =_xlfn.XLOOKUP(VALUE(LEFT(A63,4)),[1]统帅!A:A,[1]统帅!D:D,9999) -> 灵吉菩萨 | D63: 定风 | E63: 被动 | H63: 购买部将累计3星(已积累<color=#d77b28>{0}/3</color>)时,获得【举贤任能.2】,并技能升级 | I63: 购买部将累计3星(已积累<color=#d77b28>{0}/3</color>)时,获得【举贤任能.2】,并技能升级 | M63: =K63&L63 | N63: Card/img-jineng1 | O63: 3039 | P63: 0 | AB63: 7 | AC63: 3;4084 | AF63: 1参数 星数 | AH63: 0 | AI63: 1参数 星数
A64: 30393 | B64: 39 | C64: =_xlfn.XLOOKUP(VALUE(LEFT(A64,4)),[1]统帅!A:A,[1]统帅!D:D,9999) -> 灵吉菩萨 | D64: 定风 | E64: 被动 | H64: 购买部将累计3星(已积累<color=#d77b28>{0}/3</color>)时,获得【举贤任能.3】,并技能升级 | I64: 购买部将累计3星(已积累<color=#d77b28>{0}/3</color>)时,获得【举贤任能.3】,并技能升级 | M64: =K64&L64 | N64: Card/img-jineng1 | O64: 3039 | P64: 0 | AB64: 7 | AC64: 3;4085 | AF64: 1参数 星数 | AH64: 0 | AI64: 1参数 星数
A65: 30394 | B65: 39 | C65: =_xlfn.XLOOKUP(VALUE(LEFT(A65,4)),[1]统帅!A:A,[1]统帅!D:D,9999) -> 灵吉菩萨 | D65: 定风 | E65: 被动 | H65: 购买部将累计3星(已积累<color=#d77b28>{0}/3</color>)时,获得【举贤任能.4】,并技能升级 | I65: 购买部将累计3星(已积累<color=#d77b28>{0}/3</color>)时,获得【举贤任能.4】,并技能升级 | M65: =K65&L65 | N65: Card/img-jineng1 | O65: 3039 | P65: 0 | AB65: 7 | AC65: 3;4086 | AF65: 1参数 星数 | AH65: 0 | AI65: 1参数 星数
A66: 30395 | B66: 39 | C66: =_xlfn.XLOOKUP(VALUE(LEFT(A66,4)),[1]统帅!A:A,[1]统帅!D:D,9999) -> 灵吉菩萨 | D66: 定风 | E66: 被动 | H66: 购买部将累计3星(已积累<color=#d77b28>{0}/3</color>)时,获得【举贤任能.5】,并技能升级 | I66: 购买部将累计3星(已积累<color=#d77b28>{0}/3</color>)时,获得【举贤任能.5】,并技能升级 | M66: =K66&L66 | N66: Card/img-jineng1 | O66: 3039 | P66: 0 | AB66: 7 | AC66: 3;4087 | AF66: 1参数 星数 | AH66: 0 | AI66: 1参数 星数
A67: 30396 | B67: 39 | C67: =_xlfn.XLOOKUP(VALUE(LEFT(A67,4)),[1]统帅!A:A,[1]统帅!D:D,9999) -> 灵吉菩萨 | D67: 定风 | E67: 被动 | H67: 购买部将累计3星(已积累<color=#d77b28>{0}/3</color>)时,获得【举贤任能.6】,并技能升级 | I67: 购买部将累计3星(已积累<color=#d77b28>{0}/3</color>)时,获得【举贤任能.6】,并技能升级 | M67: =K67&L67 | N67: Card/img-jineng1 | O67: 3039 | P67: 0 | AB67: 7 | AC67: 3;4088 | AF67: 1参数 星数 | AH67: 0 | AI67: 1参数 星数
A68: 30401 | B68: 53 | C68: 敖丙 | D68: 龙威 | E68: 被动 | H68: 回合开始时:召唤2只神龙,1回合 | I68: 回合开始时:召唤2只神龙,1回合 | L68: masterskill_3040 | M68: =K68&L68 -> masterskill_3040 | N68: Card/masterskill_3040 | O68: 3040 | P68: 0 | AB68: 1 | AC68: 30401 | AD68: 技能ID | AJ68: 30401
A69: 30402 | B69: 40 | C69: 敖丙 | D69: 龙威 | E69: 被动 | H69: 每当召唤一个龙宫部将,使其获得+2/+2,商店等级6时技能提升(商店等级6级时,+4/+4) | I69: 每当召唤一个龙宫部将,使其获得+2/+2,商店等级6时技能提升(商店等级6级时,+4/+4) | L69: masterskill_3040 | M69: =K69&L69 -> masterskill_3040 | N69: Card/masterskill_3040 | O69: 3040 | P69: 0 | U69: 4 | Y69: 2 | Z69: 6 | AB69: 11 | AC69: 4;30402 | AD69: 阵营ID；K_部将卡牌总表-技能表ID | AJ69: 30401
A70: 30403 | B70: 40 | C70: 敖丙 | D70: 龙威 | E70: 被动 | H70: 每当召唤一个龙宫部将,使其获得+4/+4 | I70: 每当召唤一个龙宫部将,使其获得+4/+4 | L70: masterskill_3040 | M70: =K70&L70 -> masterskill_3040 | N70: Card/masterskill_3040 | O70: 3040 | P70: 0 | U70: 6 | AB70: 11 | AC70: 4;30403 | AD70: 阵营ID；K_部将卡牌总表-技能表ID | AJ70: 30401
A71: 30411 | B71: 41 | C71: 月老 | D71: 红线 | E71: 被动 | H71: 购买{0}个带有<color=#d77b28>登场</color>的部将后,获得1张<color=#d77b28>福星</color>,或购买{1}个带有<color=#d77b28>后援</color>的部将后,获得1张<color=#d77b28>禄星</color>;剩余{2}次 | I71: 购买6个带有<color=#d77b28>登场</color>的部将后,获得1张<color=#d77b28>福星</color>,或购买6个带有<color=#d77b28>后援</color>的部将后,获得1张<color=#d77b28>禄星</color>;剩余1次 | L71: masterskill_3041 | M71: =K71&L71 -> masterskill_3041 | N71: Card/masterskill_3041 | O71: 3041 | P71: 0 | AC71: 6#1#1055;6#3#1057 | AD71: 需要购买的部将数量;指定特性ID;获得的部将卡ID | AF71: 3参数，次数，次数，剩余次数 | AH71: 6;6;1 | AI71: 3参数，剩余次数，剩余次数，限制次数 | AJ71: 30411
A72: 30421 | B72: 42 | C72: 武财神 | D72: 武运 | E72: 被动 | H72: 每击杀4名敌方部将,获得1金币 | I72: 每击杀4名敌方部将,获得1金币 | L72: masterskill_3042 | M72: Card/masterskill_3024 | N72: Card/masterskill_3042 | O72: 3042 | P72: 0 | AB72: 12 | AC72: 4;1 | AD72: 击杀数量;获得金币 | AJ72: 30421
A73: 30431 | B73: 43 | C73: 金池长老 | D73: 团伙 | E73: 被动 | H73: 开场时,获得广谋和广智卡牌 | I73: 开场时,获得广谋和广智卡牌 | L73: masterskill_3043 | M73: Card/masterskill_3008 | N73: Card/masterskill_3043 | O73: 3008 | P73: 0 | W73: 1 | AB73: 13 | AC73: 1158;1159 | AD73: 获得特定ID部将卡
A74: 30441 | B74: 44 | C74: 土地公 | D74: 地元 | E74: 被动 | H74: 每回合恢复大圣2点生命 | I74: 每回合恢复大圣2点生命 | L74: masterskill_3044 | M74: Card/masterskill_3008 | N74: Card/masterskill_3044 | O74: 3044 | P74: 0 | AB74: 8 | AC74: 2 | AD74: 恢复的生命值 | AJ74: 30441
A75: 30451 | B75: 45 | C75: 李世民 | D75: 盛世 | E75: 被动 | H75: <color=#d77b28>回合更始</color>:友方不同阵营中随机1个部将+{0}/+{1}(每刷新4次商店提高+1/+1) | I75: <color=#d77b28>回合更始</color>:友方不同阵营中随机1个部将+1/+1 | J75: <color=#d77b28>回合更始</color>:友方不同阵营中随机1个部将+{0}/+{1}(每刷新4次商店提高+1/+1) | K75: 1 | L75: masterskill_3044 | M75: Card/masterskill_3008 | N75: Card/masterskill_3045 | O75: 3044 | P75: 0 | AB75: 8 | AC75: 1#1;4;1#1 | AD75: 攻击#血量;刷新商店次数;额外加的攻击#额外加的血 | AH75: 1;1
A76: 30461 | B76: 46 | C76: 火德星君 | D76: 天火 | E76: 被动 | H76: 大圣受到伤害时,所有友方部将+{0}/+{1}(商店等级1-4提供+1/+0,商店等级5-6提供+1/+1) | I76: 大圣受到伤害时,所有友方部将+1/+0(随商店等级提升) | J76: 大圣受到伤害时,所有友方部将+1/+0(商店等级1-4提供+1/+0,商店等级5-6提供+1/+1) | K76: 1 | L76: masterskill_3044 | M76: Card/masterskill_3008 | N76: Card/masterskill_3046 | O76: 3044 | P76: 0 | AB76: 14 | AC76: 1#1#0;2#1#0;3#1#0;4#1#0;5#1#1;6#1#1 | AD76: 商店等级#攻击力#生命值;商店等级#攻击力#生命值 | AH76: 1;0
A77: 30471 | B77: 47 | C77: 申公豹 | D77: 来来来 | E77: 被动 | H77: 升级商店后,挑选{0}张当前商店等级的部将 | I77: 升级商店后,挑选1张当前商店等级的部将 | L77: masterskill_3044 | M77: Card/masterskill_3008 | N77: Card/masterskill_3047 | O77: 3044 | P77: 0 | AB77: 2 | AC77: 1 | AD77: 挑选部将数量 | AH77: 1
A78: 30481 | B78: 48 | C78: 天马 | D78: 神驹 | E78: 主动 | H78: 重新挑选1个坐骑,第3回合解锁 | I78: 重新挑选1个坐骑,第3回合解锁 | L78: masterskill_3044 | M78: Card/masterskill_3008 | N78: Card/masterskill_3048 | O78: 3044 | P78: 1 | Q78: 1 | V78: 3 | AC78: 1 | AD78: 重新挑选一个坐骑，3回合后解锁
A79: 30491 | B79: 49 | C79: 纣王 | D79: 暴君 | E79: 主动 | H79: 获得当前商店中的所有牌;剩余({0}/3次) | I79: 获得当前商店中的所有牌;剩余3次 | L79: masterskill_3044 | M79: Card/masterskill_3008 | N79: Card/masterskill_3049 | O79: 3044 | P79: 1 | Q79: 6 | W79: 3 | AD79: 获得当前商店中的所有牌 | AH79: 0
A80: 30501 | B80: 50 | C80: 弥勒佛 | D80: 万灵 | E80: 主动 | H80: 使1个部将+{0}/+{1}以及+{2}<color=#d77b28>灵力</color>(商店等级3和5时所有加成提升1点) | I80: 使1个部将+1/+1以及+2<color=#d77b28>灵力 | J80: 使1个部将+1/+1以及+2<color=#d77b28>灵力</color>(商店等级3和5时所有加成提升1点) | K80: 1 | L80: masterskill_3044 | M80: Card/masterskill_3008 | N80: Card/masterskill_3050 | O80: 3044 | P80: 1 | Q80: 0 | R80: 201 | AC80: 1#1#1#2;2#1#1#2;3#2#2#3;4#2#2#3;5#3#3#4;6#3#3#4 | AD80: 商店等级#攻击力#生命值#灵力;商店等级#攻击力#生命值#灵力 | AH80: 1;1;2
A81: 30511 | B81: 51 | C81: 土地娘娘 | D81: 神隐 | E81: 主动 | H81: 使1个部将+5/+5和<color=#d77b28>隐匿</color>(1回合) | I81: 使1个部将+5/+5和<color=#d77b28>隐匿</color>(1回合) | L81: masterskill_3044 | M81: Card/masterskill_3008 | N81: Card/masterskill_3051 | O81: 3044 | P81: 1 | Q81: 0 | R81: 201 | AC81: 5;5;16 | AD81: 攻击#生命值#获得的特性（特性持续一回合） | AH81: 5;5
A82: 30521 | B82: 52 | C82: 唐三藏 | D82: 化缘 | E82: 被动 | H82: 回合结束时,若你的金币不足2,则补齐至2金币 | I82: 回合结束时,若你的金币不足2,则补齐至2金币 | N82: Card/masterskill_3052 | O82: 3044 | P82: 0 | AB82: 15 | AC82: 2 | AD82: 补齐至x金币 | AH82: 2
A83: 30531 | B83: 53 | C83: 孙悟空 | D83: 大圣 | E83: 被动 | H83: <color=#d77b28>先手</color>:使你最左侧的部将获得+5/+5和<color=#d77b28>横扫</color>(1回合） | I83: <color=#d77b28>先手</color>:使你最左侧的部将获得+5/+5和<color=#d77b28>横扫</color>(1回合） | N83: Card/masterskill_3053 | O83: 3044 | P83: 0 | AB83: 1 | AC83: 30005
A84: 30541 | B84: 54 | C84: 猪八戒 | D84: 厚皮 | E84: 被动 | H84: 你的大圣的默认生命为70点 | I84: 你的大圣的默认生命为70点 | N84: Card/masterskill_3054 | O84: 3044 | P84: 0
A85: 30551 | B85: 55 | C85: 沙和尚 | D85: 行李 | E85: 主动 | H85: 获得当前回合的金币数(整局使用1次) | I85: 获得当前回合的金币数(整局使用1次) | N85: Card/masterskill_3055 | O85: 3044 | P85: 1 | Q85: 0 | W85: 1
A86: 30561 | B86: 56 | C86: 小白龙 | D86: 龙法 | E86: 被动 | H86: 每当你使用1张神通牌,使所有友方部将+1/+1,每使用9次后额外+1/+1 | I86: 每当你使用1张神通牌,使所有友方部将+1/+1,每使用9次后额外+1/+1 | N86: Card/masterskill_3056 | O86: 3044 | P86: 0 | AC86: 1;1;9;1;1 | AD86: 每次+1/+1,每多使用9次，则再+1/+1
A87: 30571 | B87: 57 | C87: 姜子牙 | D87: 封神 | E87: 主动 | H87: 使1位部将变为金色和任意阵营(1回合) | I87: 使1位部将变为金色和任意阵营(1回合) | J87: 使1位部将变为金色和任意阵营(1回合) | N87: Card/masterskill_3057 | O87: 3044 | P87: 1 | Q87: 1 | R87: 201 | AC87: 0 | AD87: 改变的阵营
A88: 30581 | B88: 58 | C88: 火德星君 | D88: 火神 | E88: 主动 | H88: 决策1:<color=#d77b28>先手</color>:对敌人最左侧部将造成{0}点法术伤害;决策2:<color=#d77b28>先手</color>:对最右侧部将造成{0}点法术伤害,每花费4枚金币伤害提高1点;(<color=#d77b28>灵力</color>:+{1}) | I88: 决策:<color=#d77b28>先手</color>:对最左侧或最右侧造成伤害,每花费4枚金币伤害+1 | J88: 决策1:<color=#d77b28>先手</color>:对敌人最左侧部将造成{0}点法术伤害;决策2:<color=#d77b28>先手</color>:对最右侧部将造成{0}点法术伤害,每花费4枚金币伤害提高1点;(<color=#d77b28>灵力</color>:+{1}) | N88: Card/masterskill_3058 | O88: 3058 | P88: 1 | S88: 9 | T88: 1 | AA88: 30581;30582 | AC88: 6;4;1 | AD88: 基础伤害;金币;成长伤害 | AF88: 2参数,攻击;灵力 | AG88: left;magic | AH88: 6;0
A89: 30582 | B89: 65 | C89: 嫦娥 | D89: 凝霜 | E89: 主动 | H89: <color=#d77b28>冰冻</color>敌方最左侧2个部将,1回合 | I89: <color=#d77b28>冰冻</color>敌方最左侧2个部将,1回合 | N89: Card/masterskill_3058 | P89: 1 | Q89: 0 | S89: 9 | T89: 1 | AC89: 30583 | AD89: 技能ID
A90: 30591 | B90: 59 | C90: 土行孙 | D90: 遁地 | E90: 被动 | H90: 每2个回合,获得1张你手牌中最左侧的部将卡（商店等级3解锁） | I90: 每2个回合,获得1张你手牌中最左侧的部将卡（商店等级3解锁） | J90: 每2个回合,获得1张你手牌中最左侧的部将卡（商店等级3解锁） | N90: Card/masterskill_3059 | O90: 3044 | P90: 0 | U90: 3 | AB90: 8 | AC90: 2 | AD90: 生效间隔回合
A91: 30601 | B91: 60 | C91: 黄眉老佛 | D91: 人种袋 | E91: 主动 | H91: 刷新商店并且其中的部将必定为当前商店等级 | I91: 刷新商店并且其中的部将必定为当前商店等级 | J91: 刷新商店并且其中的部将必定为当前商店等级 | N91: Card/masterskill_3060 | O91: 3044 | P91: 1 | Q91: 1
A92: 30611 | B92: 61 | C92: 灵虚道长 | D92: 云游 | E92: 主动 | H92: 随机获得1张<color=#d77b28>广结仙友</color>,但只能在达到该部将星级时使用它 | I92: 随机获得1张<color=#d77b28>广结仙友</color>,但只能在达到该部将星级时使用它 | N92: Card/masterskill_3061 | O92: 3044 | P92: 1 | Q92: 1 | AC92: 1041;1042;1043;1044;1045;1046 | AD92: 锦囊ID;锦囊ID;锦囊ID;锦囊ID;锦囊ID;锦囊ID
A93: 30621 | B93: 62 | C93: 青龙 | D93: 本相 | E93: 被动 | H93: 获得1个阵营为任意的部将:<color=#d77b28>青龙</color>"<color=#d77b28>鼓舞</color>:对目标及其两侧的部将造成攻击力一半的伤害,金色为全部" | I93: 获得1个阵营为任意的部将:<color=#d77b28>青龙</color> | N93: Card/masterskill_3062 | O93: 3044 | P93: 0 | AB93: 13 | AC93: 1190 | AD93: 获得特定ID部将卡
A94: 30631 | B94: 63 | C94: 白虎 | D94: 凶煞 | E94: 主动 | H94: <color=#d77b28>先手</color>:对下回合敌方大圣造成8点伤害(使用{0}/3次） | I94: <color=#d77b28>先手</color>:对下回合敌方大圣造成8点伤害,最多使用3次 | N94: Card/masterskill_3063 | O94: 5342 | P94: 1 | Q94: 2 | S94: 9 | T94: 1 | W94: 3 | AC94: 8 | AD94: 伤害值 | AF94: 1参数,剩余次数 | AG94: left | AH94: 3
A95: 30641 | B95: 64 | C95: 艾虎 | D95: 祛毒 | E95: 被动 | H95: <color=#d77b28>后援</color>:使场上随机1个部将获得+2/+2,每升级1次商店次数+1 | I95: <color=#d77b28>后援</color>:使场上随机1个部将获得+2/+2,每升级1次商店次数+1 | N95: Card/masterskill_3064 | O95: 3060 | P95: 0 | S95: 3 | AB95: 4 | AC95: 1;2;2;1 | AD95: N个部将;攻击;生命;每次升级次数+N
A96: 30651 | B96: 43 | C96: 火德星君 | D96: 火神 | E96: 被动 | H96: 开场时,获得<color=#d77b28>纵火妖</color> | I96: 开场时,获得<color=#d77b28>纵火妖</color> | L96: masterskill_3043 | M96: Card/masterskill_3008 | N96: Card/masterskill_3065 | O96: 3008 | P96: 0 | W96: 1 | AB96: 13 | AC96: 1192 | AD96: 获得特定ID部将卡
A97: 30661 | B97: 65 | C97: 六耳猕猴 | D97: 真假难辨 | E97: 主动 | H97: 战斗开始时,在最左侧复制1个敌方攻击力最高的部将(包含属性词条)1回合 | I97: 战斗开始时,在最左侧复制1个敌方攻击力最高的部将(包含属性词条)1回合 | N97: Card/masterskill_3066 | O97: 3044 | P97: 1 | Q97: 1 | S97: 9 | T97: 1 | AC97: 30661 | AD97: 技能ID
A98: 30671 | B98: 53 | C98: 高翠兰 | D98: 包子 | E98: 主动 | H98: 你回复4点生命,其他仍然存活的大圣回复2点生命 | I98: 你回复4点生命,其他仍然存活的大圣回复2点生命 | N98: Card/masterskill_3067 | O98: 3044 | P98: 1 | Q98: 2 | AC98: 30671;30672 | AD98: 技能ID
A99: 30681 | B99: 53 | C99: 猪守拙 | D99: 筋肉 | E99: 主动 | H99: 使你属性值最高的部将属性翻倍剩余({0}/2次) | I99: 使你属性值最高的部将属性翻倍剩余(2/2次) | N99: Card/masterskill_3068 | O99: 3044 | P99: 1 | Q99: 1 | W99: 2 | AC99: 30681 | AD99: 技能ID | AF99: 1参数,剩余次数 | AG99: left | AH99: 2
A100: 30691 | B100: 53 | C100: 蜘蛛精 | D100: 控制 | E100: 被动 | H100: 战斗开始时:使敌方4名部将的攻击力减半 | I100: 战斗开始时:使敌方4名部将的攻击力减半 | N100: Card/masterskill_3069 | P100: 0 | S100: 9 | T100: 1 | AB100: 4 | AC100: 30691 | AD100: 技能ID
...

Sheet 统帅熟练度等级
A1: ID | B1: 等级图标 | C1: 等级组 | D1: 等级 | E1: 需要经验
A2: Id | B2: LvIcon | C2: LevelGroup | D2: Level | E2: NeedExp
A3: 熟练度等级 | B3: 熟练度等级对应的图标 | D3: 实际使用的等级 | E3: 升到下一级经验
A4: int | B4: string | C4: int | D4: int | E4: int
A5: 备用行
A6: 1 | C6: 1 | D6: 1 | E6: 100
A7: 2 | C7: 1 | D7: 2 | E7: 100
A8: 3 | C8: 1 | D8: 3 | E8: 100
A9: 4 | C9: 1 | D9: 4 | E9: 100
A10: 5 | C10: 1 | D10: 5 | E10: 150
A11: 6 | C11: 1 | D11: 6 | E11: 150
A12: 7 | C12: 1 | D12: 7 | E12: 150
A13: 8 | C13: 1 | D13: 8 | E13: 150
A14: 9 | C14: 1 | D14: 9 | E14: 200
A15: 10 | C15: 1 | D15: 10 | E15: 200
A16: 11 | C16: 1 | D16: 11 | E16: 200
A17: 12 | C17: 1 | D17: 12 | E17: 200
... A104: 99 | C104: 1 | D104: 99 | E104: 1300
A105: 100 | C105: 1 | D105: 100

Sheet 统帅等级奖励
A1: ID | C1: 奖励组 | D1: 获得等级 | E1: 奖励
A2: ID | C2: GiftGroup | D2: GetLevel | E2: Gift
A3: 等级ID | C3: 大圣通过该组确定使用哪个奖励数据 | D3: 奖励在第N级可以获得 | E3: 填写到这级给的奖励道具ID#数量;
A4: int | C4: int | D4: int | E4: string
A5: 备用行
A6: 300101 | B6: 菩提祖师 | C6: 3001 | D6: 10 | E6: 8#5
A7: 300102 | B7: 菩提祖师 | C7: 3001 | D7: 20 | E7: 8#10
A8: 300103 | B8: 菩提祖师 | C8: 3001 | D8: 30 | E8: 8#10
A9: 300104 | B9: 菩提祖师 | C9: 3001 | D9: 40 | E9: 8#10
A10: 300105 | B10: 菩提祖师 | C10: 3001 | D10: 50 | E10: 8#5
A11: 300106 | B11: 菩提祖师 | C11: 3001 | D11: 60 | E11: 8#10
A12: 300107 | B12: 菩提祖师 | C12: 3001 | D12: 70 | E12: 8#10
A13: 300108 | B13: 菩提祖师 | C13: 3001 | D13: 80 | E13: 8#10
A14: 300109 | B14: 菩提祖师 | C14: 3001 | D14: 90 | E14: 8#10
A15: 300110 | B15: 菩提祖师 | C15: 3001 | D15: 100 | E15: 8#10
A16: 300301 | B16: 哪吒 | C16: 3003 | D16: 10 | E16: 8#5
A17: 300302 | B17: 哪吒 | C17: 3003 | D17: 20 | E17: 8#10
... A295: 304110 | B295: 月老 | C295: 3041 | D295: 100 | E295: 8#10
A296: 304201 | B296: 武财神 | C296: 3042 | D296: 10 | E296: 8#5
A297: 304202 | B297: 武财神 | C297: 3042 | D297: 20 | E297: 8#10
A298: 304203 | B298: 武财神 | C298: 3042 | D298: 30 | E298: 8#10
A299: 304204 | B299: 武财神 | C299: 3042 | D299: 40 | E299: 8#10
A300: 304205 | B300: 武财神 | C300: 3042 | D300: 50 | E300: 8#5
A301: 304206 | B301: 武财神 | C301: 3042 | D301: 60 | E301: 8#10
A302: 304207 | B302: 武财神 | C302: 3042 | D302: 70 | E302: 8#10
A303: 304208 | B303: 武财神 | C303: 3042 | D303: 80 | E303: 8#10
A304: 304209 | B304: 武财神 | C304: 3042 | D304: 90 | E304: 8#10
A305: 304210 | B305: 武财神 | C305: 3042 | D305: 100 | E305: 8#10
A306: 304301 | B306: 金池长老 | C306: 3043 | D306: 10 | E306: 8#5
A307: 304302 | B307: 金池长老 | C307: 3043 | D307: 20 | E307: 8#10
... A614: 307410 | B614: 江流儿 | C614: 3074 | D614: 100 | E614: 8#10

Sheet 统帅推荐牌组
A1: ID | D1: 卡组标题 | E1: 卡组内容 | F1: 卡组描述
A2: ID | D2: Title | E2: ComboList | F2: Desc
A3: 卡牌组合id | D3: 卡组的标题名称 | E3: 卡组展示的部将卡id 没有则空 | F3: 卡组的详细描述
A4: int | D4: string | E4: list:int | F4: stringnewline
A5: 0 ~ 999
A6: 1 | B6: 系统推荐 | C6: 菩提祖师 | D6: 妖族 | E6: 2031;2033;2034;2025;2057;2021;2022;2020;2091;2030;2018;2023;2024;2027;2029;2039;2060;2063;2049;2065;2061;2038;2050;2054;2058;2136;2019;2026;2032 | F6: 妖族通过提供属性成长的部将，来使时有牵绊能力的部将触发牵绊，进而使妖族的部将获得持续的属性成长。
A7: 2 | B7: 系统推荐 | C7: 九灵元圣 | D7: 罗刹 | E7: 2031;2033;2034;2025;2057;2021;2022;2020;2091;2030;2018;2023;2024;2027;2029;2039;2060;2063;2049;2065;2061;2038;2050;2054;2058;2136;2019;2026;2032 | F7: 罗刹牌组的介绍文本
A8: 3 | B8: 系统推荐 | C8: 魔礼海 | D8: 一夫当关 | E8: 2133;2081;2145;2146;2065;2056;2144;2143;2134;2135;2141;2136;2138;2061;2038;2050;2054;2058;2130;2131;2132;2133;2137;2140;2142;2031;2033;2034;2025;2057 | F8: 一夫当关牌组的介绍文本
A9: 4 | B9: 系统推荐 | C9: 牛魔王 | D9: 魔族 | E9: 2073;2078;2079;2080;2152;2048;2055;2057;2069;2072;2071;2076;2074;2081;2065;2061;2038;2050;2054;2058;2136;2066;2067;2068;2074;2075 | F9: 魔族牌组的介绍文本
A10: 5 | B10: 系统推荐 | C10: 天蓬元帅 | D10: 妖族 | E10: 2031;2033;2034;2025;2057;2021;2022;2020;2091;2030;2018;2023;2024;2027;2029;2039;2060;2063;2049;2065;2061;2038;2050;2054;2058;2136;2019;2026;2032 | F10: 妖族牌组的介绍文本
A11: 6 | B11: 系统推荐 | C11: 黄眉老佛 | D11: 罗刹 | E11: 2031;2033;2034;2025;2057;2021;2022;2020;2091;2030;2018;2023;2024;2027;2029;2039;2060;2063;2049;2065;2061;2038;2050;2054;2058;2136;2019;2026;2032 | F11: 罗刹牌组的介绍文本
A12: 7 | B12: 系统推荐 | C12: 魔礼红 | D12: 中立 | E12: 2053;2152;2057;2055;2062;2031;2058;2063;2099;2051;2047;2049;2029;2034;2079;2065;2061;2038;2050;2054;2048;2060;2046;2043;2041;2042;2045;2136;2036;2037;2039;2044 | F12: 中立牌组的介绍文本
A13: 8 | B13: 系统推荐 | C13: 金池长老 | D13: 灵山 | E13: 2053;2152;2057;2055;2062;2031;2058;2063;2099;2051;2047;2049;2029;2034;2079;2065;2061;2038;2050;2054;2048;2060;2046;2043;2041;2042;2045;2136;2036;2037;2039;2044 | F13: 灵山牌组的介绍文本
A14: 9 | B14: 系统推荐 | C14: 红孩儿 | D14: 龙族 | E14: 2133;2081;2145;2146;2065;2056;2144;2143;2134;2135;2141;2136;2138;2061;2038;2050;2054;2058;2130;2131;2132;2133;2137;2140;2142 | F14: 龙族牌组的介绍文本
A15: 10 | B15: 系统推荐 | C15: 嫦娥 | D15: 地府 | E15: 2031;2033;2034;2025;2057;2021;2022;2020;2091;2030;2018;2023;2024;2027;2029;2039;2060;2063;2049;2065;2061;2038;2050;2054;2058;2136;2019;2026;2032 | F15: 地府牌组的介绍文本
A16: 11 | B16: 系统推荐 | C16: 托塔天王 | D16: 妖族 | E16: 2031;2033;2034;2025;2057;2021;2022;2020;2091;2030;2018;2023;2024;2027;2029;2039;2060;2063;2049;2065;2061;2038;2050;2054;2058;2136;2019;2026;2032 | F16: 妖族牌组的介绍文本
A17: 12 | B17: 系统推荐 | C17: 玉皇大帝 | D17: 魔族 | E17: 2133;2081;2145;2146;2065;2056;2144;2143;2134;2135;2141;2136;2138;2061;2038;2050;2054;2058;2130;2131;2132;2133;2137;2140;2142;2031;2033;2034;2025;2057 | F17: 魔族牌组的介绍文本
... A44: 39 | B44: 系统推荐 | C44: 灵吉菩萨 | D44: 神族 | E44: 2133;2081;2145;2146;2065;2056;2144;2143;2134;2135;2141;2136;2138;2061;2038;2050;2054;2058;2130;2131;2132;2133;2137;2140;2142;2031;2033;2034;2025;2057 | F44: 神族牌组的介绍文本

Sheet 标签定义表
A1: ID | B1: 标签名称 | C1: 标签底图
A2: Id | B2: Name | C2: LableBg
A3: 标签ID | B3: 标签上的名称文本 | C3: 标签底图使用的资源路径
A4: int | B4: string | C4: string
A5: 备用行
A6: 1 | B6: 经济 | C6: Card/Lable2
A7: 2 | B7: 增强 | C7: Card/Lable1
A8: 3 | B8: 触发 | C8: Card/Lable1
A9: 4 | B9: 调遣 | C9: Card/Lable3
A10: 5 | B10: 赋予 | C10: Card/Lable1
A11: 6 | B11: 晋升 | C11: Card/Lable2
A12: 7 | B12: 进攻 | C12: Card/Lable1
A13: 8 | B13: 异术 | C13: Card/Lable3
